image_index,image_name,preset,attack,psnr,ssim,text,success,soft_success,ber,runtime_ms,confidence,path_used,valid_units,output_height,output_width,texture_score,failure_label
0,000000000139.jpg,Base,closed_loop,45.80581104209044,0.9889448856906208,DCT_PRO_COPYRIGHT,True,True,0.0,5.382,1.0,classic_dct,0,426,640,305.1428,
0,000000000139.jpg,Base,jpeg_q30,45.80581104209044,0.9889448856906208,DCT_PRO^COPYRIGHT,False,True,0.007353,9.924,1.0,classic_dct,0,426,640,305.1428,payload_crc_fail
0,000000000139.jpg,Base,real_top30,45.80581104209044,0.9889448856906208,,False,False,1.0,1.489,0.0,classic_dct,0,298,640,305.1428,crop_phase_miss
0,000000000139.jpg,Base,real_left30,45.80581104209044,0.9889448856906208,,False,False,1.0,1.259,0.0,classic_dct,0,426,448,305.1428,crop_phase_miss
0,000000000139.jpg,Base,real_center60,45.80581104209044,0.9889448856906208,,False,False,1.0,0.852,0.0,classic_dct,0,256,384,305.1428,crop_phase_miss
0,000000000139.jpg,Base,real_random30,45.80581104209044,0.9889448856906208,,False,False,1.0,1.261,0.0,classic_dct,0,298,448,305.1428,crop_phase_miss
0,000000000139.jpg,Base,real_top30_jpeg_q30,45.80581104209044,0.9889448856906208,,False,False,1.0,1.933,0.0,classic_dct,0,298,640,305.1428,crop_phase_miss
0,000000000139.jpg,JND,closed_loop,46.81589823746108,0.9933106077940915,DCT_PRO_COPYRIGHT,True,True,0.0,5.968,1.0,classic_dct_jnd,0,426,640,305.1428,
0,000000000139.jpg,JND,jpeg_q30,46.81589823746108,0.9933106077940915,,False,False,1.0,1.787,0.0,classic_dct_jnd,0,426,640,305.1428,sync_fail
0,000000000139.jpg,JND,real_top30,46.81589823746108,0.9933106077940915,,False,False,1.0,1.552,0.0,classic_dct_jnd,0,298,640,305.1428,crop_phase_miss
0,000000000139.jpg,JND,real_left30,46.81589823746108,0.9933106077940915,,False,False,1.0,1.355,0.0,classic_dct_jnd,0,426,448,305.1428,crop_phase_miss
0,000000000139.jpg,JND,real_center60,46.81589823746108,0.9933106077940915,,False,False,1.0,0.709,0.0,classic_dct_jnd,0,256,384,305.1428,crop_phase_miss
0,000000000139.jpg,JND,real_random30,46.81589823746108,0.9933106077940915,,False,False,1.0,0.934,0.0,classic_dct_jnd,0,298,448,305.1428,crop_phase_miss
0,000000000139.jpg,JND,real_top30_jpeg_q30,46.81589823746108,0.9933106077940915,,False,False,1.0,0.958,0.0,classic_dct_jnd,0,298,640,305.1428,crop_phase_miss
0,000000000139.jpg,Tile_only,closed_loop,42.84588584986351,0.9725815289669892,DCT_PRO_COPYRIGHT,True,True,0.0,31.689,1.0,fixed_grid_tile,15,426,640,305.1428,
0,000000000139.jpg,Tile_only,jpeg_q30,42.84588584986351,0.9725815289669892, @ Ä,False,False,0.426471,26.684,0.697674,fixed_grid_tile,5,426,640,305.1428,payload_crc_fail
0,000000000139.jpg,Tile_only,real_top30,42.84588584986351,0.9725815289669892,DCT_PRO_COPYRIGHT,True,True,0.0,14.314,1.0,fixed_grid_tile,10,298,640,305.1428,
0,000000000139.jpg,Tile_only,real_left30,42.84588584986351,0.9725815289669892,,False,False,1.0,18.364,0.0,fixed_grid_tile,0,426,448,305.1428,crop_phase_miss
0,000000000139.jpg,Tile_only,real_center60,42.84588584986351,0.9725815289669892,,False,False,1.0,25.797,0.0,fixed_grid_tile,0,256,384,305.1428,crop_phase_miss
0,000000000139.jpg,Tile_only,real_random30,42.84588584986351,0.9725815289669892,,False,False,1.0,22.226,0.0,fixed_grid_tile,0,298,448,305.1428,crop_phase_miss
0,000000000139.jpg,Tile_only,real_top30_jpeg_q30,42.84588584986351,0.9725815289669892,    À,False,False,0.455882,35.782,0.697674,fixed_grid_tile,4,298,640,305.1428,crop_phase_miss
0,000000000139.jpg,Tile,closed_loop,44.171213621212424,0.9851920354255098,DCT_PRO_COPYRIGHT,True,True,0.0,262.666,1.0,fixed_grid_tile,15,426,640,305.1428,
0,000000000139.jpg,Tile,jpeg_q30,44.171213621212424,0.9851920354255098, @ E,False,False,0.404412,180.89,0.686047,fixed_grid_tile,5,426,640,305.1428,payload_crc_fail
0,000000000139.jpg,Tile,real_top30,44.171213621212424,0.9851920354255098,DCT_PRO_COPYRIGHT,True,True,0.0,38.485,1.0,fixed_grid_tile,10,298,640,305.1428,
0,000000000139.jpg,Tile,real_left30,44.171213621212424,0.9851920354255098,,False,False,1.0,69.34,0.0,fixed_grid_tile,0,426,448,305.1428,crop_phase_miss
0,000000000139.jpg,Tile,real_center60,44.171213621212424,0.9851920354255098,,False,False,1.0,52.74,0.0,fixed_grid_tile,0,256,384,305.1428,crop_phase_miss
0,000000000139.jpg,Tile,real_random30,44.171213621212424,0.9851920354255098,,False,False,1.0,29.704,0.0,fixed_grid_tile,0,298,448,305.1428,crop_phase_miss
0,000000000139.jpg,Tile,real_top30_jpeg_q30,44.171213621212424,0.9851920354255098,    À,False,False,0.463235,50.429,0.686047,fixed_grid_tile,4,298,640,305.1428,crop_phase_miss
0,000000000139.jpg,Sync,closed_loop,43.04228225602101,0.9815305910377604,DCT_PRO_COPYRIGHT,True,True,0.0,221.113,1.0,fixed_grid_sync,15,426,640,305.1428,
0,000000000139.jpg,Sync,jpeg_q30,43.04228225602101,0.9815305910377604,,False,False,1.0,271.919,0.0,fixed_grid_sync,0,426,640,305.1428,sync_fail
0,000000000139.jpg,Sync,real_top30,43.04228225602101,0.9815305910377604,DCT_PRO_COPYRIGHT,True,True,0.0,442.374,1.0,fixed_grid_sync,10,298,640,305.1428,
0,000000000139.jpg,Sync,real_left30,43.04228225602101,0.9815305910377604,,False,False,1.0,107.673,0.0,fixed_grid_sync,0,426,448,305.1428,sync_fail
0,000000000139.jpg,Sync,real_center60,43.04228225602101,0.9815305910377604,,False,False,1.0,199.102,0.0,fixed_grid_sync,0,256,384,305.1428,sync_fail
0,000000000139.jpg,Sync,real_random30,43.04228225602101,0.9815305910377604,,False,False,1.0,73.464,0.0,fixed_grid_sync,0,298,448,305.1428,sync_fail
0,000000000139.jpg,Sync,real_top30_jpeg_q30,43.04228225602101,0.9815305910377604,,False,False,1.0,165.186,0.0,fixed_grid_sync,0,298,640,305.1428,sync_fail
0,000000000139.jpg,Full,closed_loop,40.13731804733141,0.9629102525416392,DCT_PRO_COPYRIGHT,True,True,0.0,61.301,1.0,robust_layer,0,426,640,305.1428,
0,000000000139.jpg,Full,jpeg_q30,40.13731804733141,0.9629102525416392,DCT_PRO_COPYRIGHT,True,True,0.0,20.277,0.995798,robust_layer,0,426,640,305.1428,
0,000000000139.jpg,Full,real_top30,40.13731804733141,0.9629102525416392,DCT_PRO_COPYRIGHT,True,True,0.0,327.511,1.0,vote_merge,10,298,640,305.1428,
0,000000000139.jpg,Full,real_left30,40.13731804733141,0.9629102525416392,DCT_PRO_COPYRIGHT,True,True,0.0,1182.606,1.0,vote_merge,9,426,448,305.1428,
0,000000000139.jpg,Full,real_center60,40.13731804733141,0.9629102525416392,,False,False,1.0,775.799,0.0,phase_search_timeout,6,256,384,305.1428,crop_phase_miss
0,000000000139.jpg,Full,real_random30,40.13731804733141,0.9629102525416392,,False,False,1.0,745.456,0.0,phase_search_timeout,6,298,448,305.1428,crop_phase_miss
0,000000000139.jpg,Full,real_top30_jpeg_q30,40.13731804733141,0.9629102525416392,,False,False,1.0,796.786,0.0,phase_search_timeout,10,298,640,305.1428,crop_phase_miss
1,000000027768.jpg,Base,closed_loop,45.31968104273923,0.993884468287303,DCT_PRO_COPYRIGHT,True,True,0.0,14.431,1.0,classic_dct,0,612,612,784.0437,
1,000000027768.jpg,Base,jpeg_q30,45.31968104273923,0.993884468287303,DCT_PRO_COPYRI HT,False,True,0.014706,16.738,1.0,classic_dct,0,612,612,784.0437,payload_crc_fail
1,000000027768.jpg,Base,real_top30,45.31968104273923,0.993884468287303,,False,False,1.0,4.732,0.0,classic_dct,0,428,612,784.0437,crop_phase_miss
1,000000027768.jpg,Base,real_left30,45.31968104273923,0.993884468287303,,False,False,1.0,3.541,0.0,classic_dct,0,612,428,784.0437,crop_phase_miss
1,000000027768.jpg,Base,real_center60,45.31968104273923,0.993884468287303,,False,False,1.0,1.761,0.0,classic_dct,0,367,367,784.0437,crop_phase_miss
1,000000027768.jpg,Base,real_random30,45.31968104273923,0.993884468287303,,False,False,1.0,2.334,0.0,classic_dct,0,428,428,784.0437,crop_phase_miss
1,000000027768.jpg,Base,real_top30_jpeg_q30,45.31968104273923,0.993884468287303,,False,False,1.0,45.883,0.0,classic_dct,0,428,612,784.0437,crop_phase_miss
1,000000027768.jpg,JND,closed_loop,45.953764664484225,0.9962902359471086,DCT_PRO_COPYRIGHT,True,True,0.0,14.319,1.0,classic_dct_jnd,0,612,612,784.0437,
1,000000027768.jpg,JND,jpeg_q30,45.953764664484225,0.9962902359471086,,False,False,1.0,4.153,0.0,classic_dct_jnd,0,612,612,784.0437,sync_fail
1,000000027768.jpg,JND,real_top30,45.953764664484225,0.9962902359471086,,False,False,1.0,4.008,0.0,classic_dct_jnd,0,428,612,784.0437,crop_phase_miss
1,000000027768.jpg,JND,real_left30,45.953764664484225,0.9962902359471086,,False,False,1.0,6.063,0.0,classic_dct_jnd,0,612,428,784.0437,crop_phase_miss
1,000000027768.jpg,JND,real_center60,45.953764664484225,0.9962902359471086,,False,False,1.0,1.626,0.0,classic_dct_jnd,0,367,367,784.0437,crop_phase_miss
1,000000027768.jpg,JND,real_random30,45.953764664484225,0.9962902359471086,,False,False,1.0,2.62,0.0,classic_dct_jnd,0,428,428,784.0437,crop_phase_miss
1,000000027768.jpg,JND,real_top30_jpeg_q30,45.953764664484225,0.9962902359471086,,False,False,1.0,2.875,0.0,classic_dct_jnd,0,428,612,784.0437,crop_phase_miss
1,000000027768.jpg,Tile_only,closed_loop,42.2383156070941,0.9889558636093471,DCT_PRO_COPYRIGHT,True,True,0.0,92.02,1.0,fixed_grid_tile,16,612,612,784.0437,
1,000000027768.jpg,Tile_only,jpeg_q30,42.2383156070941,0.9889558636093471,   Þ,False,False,0.455882,60.708,1.0,fixed_grid_tile,1,612,612,784.0437,payload_crc_fail
1,000000027768.jpg,Tile_only,real_top30,42.2383156070941,0.9889558636093471,,False,False,1.0,38.566,0.0,fixed_grid_tile,0,428,612,784.0437,crop_phase_miss
1,000000027768.jpg,Tile_only,real_left30,42.2383156070941,0.9889558636093471,,False,False,1.0,37.469,0.0,fixed_grid_tile,0,612,428,784.0437,crop_phase_miss
1,000000027768.jpg,Tile_only,real_center60,42.2383156070941,0.9889558636093471,,False,False,1.0,15.323,0.0,fixed_grid_tile,0,367,367,784.0437,crop_phase_miss
1,000000027768.jpg,Tile_only,real_random30,42.2383156070941,0.9889558636093471,,False,False,1.0,36.781,0.0,fixed_grid_tile,0,428,428,784.0437,crop_phase_miss
1,000000027768.jpg,Tile_only,real_top30_jpeg_q30,42.2383156070941,0.9889558636093471, D  H ,False,False,0.419118,47.789,1.0,fixed_grid_tile,2,428,612,784.0437,crop_phase_miss
1,000000027768.jpg,Tile,closed_loop,42.815718654855594,0.9928815692141945,DCT_PRO_COPYRIGHT,True,True,0.0,97.34,1.0,fixed_grid_tile,16,612,612,784.0437,
1,000000027768.jpg,Tile,jpeg_q30,42.815718654855594,0.9928815692141945,,False,False,1.0,53.984,0.0,fixed_grid_tile,0,612,612,784.0437,sync_fail
1,000000027768.jpg,Tile,real_top30,42.815718654855594,0.9928815692141945,,False,False,1.0,37.046,0.0,fixed_grid_tile,0,428,612,784.0437,crop_phase_miss
1,000000027768.jpg,Tile,real_left30,42.815718654855594,0.9928815692141945,,False,False,1.0,34.302,0.0,fixed_grid_tile,0,612,428,784.0437,crop_phase_miss
1,000000027768.jpg,Tile,real_center60,42.815718654855594,0.9928815692141945,,False,False,1.0,11.92,0.0,fixed_grid_tile,0,367,367,784.0437,crop_phase_miss
1,000000027768.jpg,Tile,real_random30,42.815718654855594,0.9928815692141945,,False,False,1.0,27.83,0.0,fixed_grid_tile,0,428,428,784.0437,crop_phase_miss
1,000000027768.jpg,Tile,real_top30_jpeg_q30,42.815718654855594,0.9928815692141945,,False,False,1.0,36.696,1.0,fixed_grid_tile,2,428,612,784.0437,crop_phase_miss
1,000000027768.jpg,Sync,closed_loop,41.95839169736302,0.991258660984751,DCT_PRO_COPYRIGHT,True,True,0.0,299.188,1.0,fixed_grid_sync,16,612,612,784.0437,
1,000000027768.jpg,Sync,jpeg_q30,41.95839169736302,0.991258660984751,,False,False,1.0,183.434,0.0,fixed_grid_sync,0,612,612,784.0437,sync_fail
1,000000027768.jpg,Sync,real_top30,41.95839169736302,0.991258660984751,,False,False,1.0,105.901,0.0,fixed_grid_sync,0,428,612,784.0437,sync_fail
1,000000027768.jpg,Sync,real_left30,41.95839169736302,0.991258660984751,,False,False,1.0,101.1,0.0,fixed_grid_sync,0,612,428,784.0437,sync_fail
1,000000027768.jpg,Sync,real_center60,41.95839169736302,0.991258660984751,,False,False,1.0,24.728,0.0,fixed_grid_sync,0,367,367,784.0437,sync_fail
1,000000027768.jpg,Sync,real_random30,41.95839169736302,0.991258660984751,,False,False,1.0,61.056,0.0,fixed_grid_sync,0,428,428,784.0437,sync_fail
1,000000027768.jpg,Sync,real_top30_jpeg_q30,41.95839169736302,0.991258660984751,,False,False,1.0,94.656,0.0,fixed_grid_sync,0,428,612,784.0437,sync_fail
1,000000027768.jpg,Full,closed_loop,38.744153074884764,0.9804416077122049,DCT_PRO_COPYRIGHT,True,True,0.0,15.136,1.0,robust_layer,0,612,612,784.0437,
1,000000027768.jpg,Full,jpeg_q30,38.744153074884764,0.9804416077122049,DCT_PRO_COPYRIGHT,True,True,0.0,19.038,0.99253,robust_layer,0,612,612,784.0437,
1,000000027768.jpg,Full,real_top30,38.744153074884764,0.9804416077122049,DCT_PRO_COPYRIGHT,True,True,0.0,978.422,1.0,vote_merge,12,428,612,784.0437,
1,000000027768.jpg,Full,real_left30,38.744153074884764,0.9804416077122049,,False,False,1.0,853.078,0.0,phase_search_timeout,12,612,428,784.0437,crop_phase_miss
1,000000027768.jpg,Full,real_center60,38.744153074884764,0.9804416077122049,,False,False,1.0,797.642,0.0,phase_search_timeout,4,367,367,784.0437,crop_phase_miss
1,000000027768.jpg,Full,real_random30,38.744153074884764,0.9804416077122049,,False,False,1.0,822.503,0.0,phase_search_timeout,9,428,428,784.0437,crop_phase_miss
1,000000027768.jpg,Full,real_top30_jpeg_q30,38.744153074884764,0.9804416077122049,,False,False,1.0,1749.021,0.0,phase_search_timeout,12,428,612,784.0437,crop_phase_miss
2,000000060102.jpg,Base,closed_loop,41.8173437408355,0.9865077277414804,DCT_PRO_COPYRIGHT,True,True,0.0,7.689,1.0,classic_dct,0,360,640,702.7629,
2,000000060102.jpg,Base,jpeg_q30,41.8173437408355,0.9865077277414804,,False,False,1.0,3.215,0.0,classic_dct,0,360,640,702.7629,sync_fail
2,000000060102.jpg,Base,real_top30,41.8173437408355,0.9865077277414804,,False,False,1.0,2.014,0.0,classic_dct,0,252,640,702.7629,crop_phase_miss
2,000000060102.jpg,Base,real_left30,41.8173437408355,0.9865077277414804,,False,False,1.0,1.428,0.0,classic_dct,0,360,448,702.7629,crop_phase_miss
2,000000060102.jpg,Base,real_center60,41.8173437408355,0.9865077277414804,,False,False,1.0,1.175,0.0,classic_dct,0,216,384,702.7629,crop_phase_miss
2,000000060102.jpg,Base,real_random30,41.8173437408355,0.9865077277414804,,False,False,1.0,1.192,0.0,classic_dct,0,252,448,702.7629,crop_phase_miss
2,000000060102.jpg,Base,real_top30_jpeg_q30,41.8173437408355,0.9865077277414804,,False,False,1.0,1.25,0.0,classic_dct,0,252,640,702.7629,crop_phase_miss
2,000000060102.jpg,JND,closed_loop,42.215759917641975,0.99221587701899,DCT_PRO_COPYRIGHT,True,True,0.0,10.987,1.0,classic_dct_jnd,0,360,640,702.7629,
2,000000060102.jpg,JND,jpeg_q30,42.215759917641975,0.99221587701899,,False,False,1.0,2.254,0.0,classic_dct_jnd,0,360,640,702.7629,sync_fail
2,000000060102.jpg,JND,real_top30,42.215759917641975,0.99221587701899,,False,False,1.0,1.549,0.0,classic_dct_jnd,0,252,640,702.7629,crop_phase_miss
2,000000060102.jpg,JND,real_left30,42.215759917641975,0.99221587701899,,False,False,1.0,1.652,0.0,classic_dct_jnd,0,360,448,702.7629,crop_phase_miss
2,000000060102.jpg,JND,real_center60,42.215759917641975,0.99221587701899,,False,False,1.0,0.972,0.0,classic_dct_jnd,0,216,384,702.7629,crop_phase_miss
2,000000060102.jpg,JND,real_random30,42.215759917641975,0.99221587701899,,False,False,1.0,1.063,0.0,classic_dct_jnd,0,252,448,702.7629,crop_phase_miss
2,000000060102.jpg,JND,real_top30_jpeg_q30,42.215759917641975,0.99221587701899,,False,False,1.0,1.671,0.0,classic_dct_jnd,0,252,640,702.7629,crop_phase_miss
2,000000060102.jpg,Tile_only,closed_loop,42.78482162847796,0.977856977516254,DCT_PRO_COPYRIGHT,True,True,0.0,25.55,1.0,fixed_grid_tile,10,360,640,702.7629,
2,000000060102.jpg,Tile_only,jpeg_q30,42.78482162847796,0.977856977516254,   t ,False,False,0.433824,27.006,1.0,fixed_grid_tile,2,360,640,702.7629,payload_crc_fail
2,000000060102.jpg,Tile_only,real_top30,42.78482162847796,0.977856977516254,5ìì#ß ÈèÛ/rÖ  7	,False,False,0.435,15.845,1.0,fixed_grid_tile,1,252,640,702.7629,crop_phase_miss
2,000000060102.jpg,Tile_only,real_left30,42.78482162847796,0.977856977516254,,False,False,1.0,16.535,0.0,fixed_grid_tile,0,360,448,702.7629,crop_phase_miss
2,000000060102.jpg,Tile_only,real_center60,42.78482162847796,0.977856977516254,,False,False,1.0,12.155,0.0,fixed_grid_tile,0,216,384,702.7629,crop_phase_miss
2,000000060102.jpg,Tile_only,real_random30,42.78482162847796,0.977856977516254,,False,False,1.0,10.801,0.0,fixed_grid_tile,0,252,448,702.7629,crop_phase_miss
2,000000060102.jpg,Tile_only,real_top30_jpeg_q30,42.78482162847796,0.977856977516254,,False,False,1.0,14.415,0.0,fixed_grid_tile,0,252,640,702.7629,crop_phase_miss
2,000000060102.jpg,Tile,closed_loop,44.12198742956655,0.989369502336933,DCT_PRO_COPYRIGHT,True,True,0.0,140.901,1.0,fixed_grid_tile,10,360,640,702.7629,
2,000000060102.jpg,Tile,jpeg_q30,44.12198742956655,0.989369502336933,   t ,False,False,0.419118,43.971,1.0,fixed_grid_tile,1,360,640,702.7629,payload_crc_fail
2,000000060102.jpg,Tile,real_top30,44.12198742956655,0.989369502336933,5ìî#Þ ÈèÛ/rÖ  7 ,False,False,0.45,90.1,1.0,fixed_grid_tile,1,252,640,702.7629,crop_phase_miss
2,000000060102.jpg,Tile,real_left30,44.12198742956655,0.989369502336933,,False,False,1.0,21.241,0.0,fixed_grid_tile,0,360,448,702.7629,crop_phase_miss
2,000000060102.jpg,Tile,real_center60,44.12198742956655,0.989369502336933,,False,False,1.0,18.81,0.0,fixed_grid_tile,0,216,384,702.7629,crop_phase_miss
2,000000060102.jpg,Tile,real_random30,44.12198742956655,0.989369502336933,,False,False,1.0,10.707,0.0,fixed_grid_tile,0,252,448,702.7629,crop_phase_miss
2,000000060102.jpg,Tile,real_top30_jpeg_q30,44.12198742956655,0.989369502336933,,False,False,1.0,32.233,0.0,fixed_grid_tile,0,252,640,702.7629,crop_phase_miss
2,000000060102.jpg,Sync,closed_loop,43.76320185796559,0.9870435755988456,DCT_PRO_COPYRIGHT,True,True,0.0,61.493,1.0,fixed_grid_sync,10,360,640,702.7629,
2,000000060102.jpg,Sync,jpeg_q30,43.76320185796559,0.9870435755988456,,False,False,1.0,39.532,0.0,fixed_grid_sync,0,360,640,702.7629,sync_fail
2,000000060102.jpg,Sync,real_top30,43.76320185796559,0.9870435755988456,,False,False,1.0,25.873,0.0,fixed_grid_sync,0,252,640,702.7629,sync_fail
2,000000060102.jpg,Sync,real_left30,43.76320185796559,0.9870435755988456,,False,False,1.0,29.748,0.0,fixed_grid_sync,0,360,448,702.7629,sync_fail
2,000000060102.jpg,Sync,real_center60,43.76320185796559,0.9870435755988456,,False,False,1.0,16.044,0.0,fixed_grid_sync,0,216,384,702.7629,sync_fail
2,000000060102.jpg,Sync,real_random30,43.76320185796559,0.9870435755988456,,False,False,1.0,21.358,0.0,fixed_grid_sync,0,252,448,702.7629,sync_fail
2,000000060102.jpg,Sync,real_top30_jpeg_q30,43.76320185796559,0.9870435755988456,,False,False,1.0,18.801,0.0,fixed_grid_sync,0,252,640,702.7629,sync_fail
2,000000060102.jpg,Full,closed_loop,39.38064841549411,0.9733360343899663,DCT_PRO_COPYRIGHT,True,True,0.0,5.666,0.983193,robust_layer,0,360,640,702.7629,
2,000000060102.jpg,Full,jpeg_q30,39.38064841549411,0.9733360343899663,DCT_PRO_COPYRIGHT,True,True,0.0,4.912,0.959664,robust_layer,0,360,640,702.7629,
2,000000060102.jpg,Full,real_top30,39.38064841549411,0.9733360343899663,,False,False,1.0,728.082,0.0,phase_search_timeout,5,252,640,702.7629,crop_phase_miss
2,000000060102.jpg,Full,real_left30,39.38064841549411,0.9733360343899663,DCT_PRO_COPYRIGHT,True,True,0.0,739.879,1.0,phase_search,6,360,448,702.7629,
2,000000060102.jpg,Full,real_center60,39.38064841549411,0.9733360343899663,DCT_PRO_COPYRIGHT,True,True,0.0,787.215,1.0,vote_merge,3,216,384,702.7629,
2,000000060102.jpg,Full,real_random30,39.38064841549411,0.9733360343899663,,False,False,1.0,723.533,0.0,phase_search_timeout,3,252,448,702.7629,crop_phase_miss
2,000000060102.jpg,Full,real_top30_jpeg_q30,39.38064841549411,0.9733360343899663,,False,False,1.0,718.974,0.0,phase_search_timeout,5,252,640,702.7629,crop_phase_miss
3,000000092053.jpg,Base,closed_loop,46.38554625886368,0.9862176830130741,DCT_PRO_COPYRIGHT,True,True,0.0,6.839,1.0,classic_dct,0,427,640,232.8556,
3,000000092053.jpg,Base,jpeg_q30,46.38554625886368,0.9862176830130741,"@CT^PROVBOPYRI  TB        ±Bè @I    @     @ `
    "" 
       ",False,False,0.179487,16.643,1.0,classic_dct,0,427,640,232.8556,payload_crc_fail
3,000000092053.jpg,Base,real_top30,46.38554625886368,0.9862176830130741,,False,False,1.0,1.676,0.0,classic_dct,0,299,640,232.8556,crop_phase_miss
3,000000092053.jpg,Base,real_left30,46.38554625886368,0.9862176830130741,,False,False,1.0,1.42,0.0,classic_dct,0,427,448,232.8556,crop_phase_miss
3,000000092053.jpg,Base,real_center60,46.38554625886368,0.9862176830130741,,False,False,1.0,0.881,0.0,classic_dct,0,256,384,232.8556,crop_phase_miss
3,000000092053.jpg,Base,real_random30,46.38554625886368,0.9862176830130741,,False,False,1.0,1.108,0.0,classic_dct,0,299,448,232.8556,crop_phase_miss
3,000000092053.jpg,Base,real_top30_jpeg_q30,46.38554625886368,0.9862176830130741,,False,False,1.0,1.882,0.0,classic_dct,0,299,640,232.8556,crop_phase_miss
3,000000092053.jpg,JND,closed_loop,47.384672631533476,0.991193015725333,DCT_PRO_COPYRIGHT,True,True,0.0,6.653,1.0,classic_dct_jnd,0,427,640,232.8556,
3,000000092053.jpg,JND,jpeg_q30,47.384672631533476,0.991193015725333,,False,False,1.0,1.89,0.0,classic_dct_jnd,0,427,640,232.8556,sync_fail
3,000000092053.jpg,JND,real_top30,47.384672631533476,0.991193015725333,,False,False,1.0,1.807,0.0,classic_dct_jnd,0,299,640,232.8556,crop_phase_miss
3,000000092053.jpg,JND,real_left30,47.384672631533476,0.991193015725333,,False,False,1.0,1.308,0.0,classic_dct_jnd,0,427,448,232.8556,crop_phase_miss
3,000000092053.jpg,JND,real_center60,47.384672631533476,0.991193015725333,,False,False,1.0,0.702,0.0,classic_dct_jnd,0,256,384,232.8556,crop_phase_miss
3,000000092053.jpg,JND,real_random30,47.384672631533476,0.991193015725333,,False,False,1.0,0.733,0.0,classic_dct_jnd,0,299,448,232.8556,crop_phase_miss
3,000000092053.jpg,JND,real_top30_jpeg_q30,47.384672631533476,0.991193015725333,,False,False,1.0,1.213,0.0,classic_dct_jnd,0,299,640,232.8556,crop_phase_miss
3,000000092053.jpg,Tile_only,closed_loop,42.803763791292795,0.9709665205900808,DCT_PRO_COPYRIGHT,True,True,0.0,25.004,1.0,fixed_grid_tile,15,427,640,232.8556,
3,000000092053.jpg,Tile_only,jpeg_q30,42.803763791292795,0.9709665205900808, ,False,False,0.433824,28.906,1.0,fixed_grid_tile,4,427,640,232.8556,payload_crc_fail
3,000000092053.jpg,Tile_only,real_top30,42.803763791292795,0.9709665205900808,DCT_PRO_COPYRIGHT,True,True,0.0,30.561,1.0,fixed_grid_tile,10,299,640,232.8556,
3,000000092053.jpg,Tile_only,real_left30,42.803763791292795,0.9709665205900808,,False,False,1.0,21.67,0.0,fixed_grid_tile,0,427,448,232.8556,crop_phase_miss
3,000000092053.jpg,Tile_only,real_center60,42.803763791292795,0.9709665205900808,,False,False,1.0,14.608,0.0,fixed_grid_tile,0,256,384,232.8556,crop_phase_miss
3,000000092053.jpg,Tile_only,real_random30,42.803763791292795,0.9709665205900808,,False,False,1.0,11.212,0.0,fixed_grid_tile,0,299,448,232.8556,crop_phase_miss
3,000000092053.jpg,Tile_only,real_top30_jpeg_q30,42.803763791292795,0.9709665205900808, ,False,False,0.433824,19.084,1.0,fixed_grid_tile,4,299,640,232.8556,crop_phase_miss
3,000000092053.jpg,Tile,closed_loop,43.8812851071269,0.9831534518325231,DCT_PRO_COPYRIGHT,True,True,0.0,174.59,1.0,fixed_grid_tile,15,427,640,232.8556,
3,000000092053.jpg,Tile,jpeg_q30,43.8812851071269,0.9831534518325231,     ,False,False,0.433824,63.533,1.0,fixed_grid_tile,3,427,640,232.8556,payload_crc_fail
3,000000092053.jpg,Tile,real_top30,43.8812851071269,0.9831534518325231,DCT_PRO_COPYRIGHT,True,True,0.0,81.431,1.0,fixed_grid_tile,10,299,640,232.8556,
3,000000092053.jpg,Tile,real_left30,43.8812851071269,0.9831534518325231,,False,False,1.0,40.154,0.0,fixed_grid_tile,0,427,448,232.8556,crop_phase_miss
3,000000092053.jpg,Tile,real_center60,43.8812851071269,0.9831534518325231,,False,False,1.0,22.64,0.0,fixed_grid_tile,0,256,384,232.8556,crop_phase_miss
3,000000092053.jpg,Tile,real_random30,43.8812851071269,0.9831534518325231,,False,False,1.0,48.48,0.0,fixed_grid_tile,0,299,448,232.8556,crop_phase_miss
3,000000092053.jpg,Tile,real_top30_jpeg_q30,43.8812851071269,0.9831534518325231,     ,False,False,0.433824,48.969,1.0,fixed_grid_tile,3,299,640,232.8556,crop_phase_miss
3,000000092053.jpg,Sync,closed_loop,42.81598171971403,0.9803018137814502,DCT_PRO_COPYRIGHT,True,True,0.0,61.577,1.0,fixed_grid_sync,15,427,640,232.8556,
3,000000092053.jpg,Sync,jpeg_q30,42.81598171971403,0.9803018137814502,,False,False,1.0,60.56,0.0,fixed_grid_sync,0,427,640,232.8556,sync_fail
3,000000092053.jpg,Sync,real_top30,42.81598171971403,0.9803018137814502,DCT_PRO_COPYRIGHT,True,True,0.0,52.887,1.0,fixed_grid_sync,10,299,640,232.8556,
3,000000092053.jpg,Sync,real_left30,42.81598171971403,0.9803018137814502,,False,False,1.0,35.584,0.0,fixed_grid_sync,0,427,448,232.8556,sync_fail
3,000000092053.jpg,Sync,real_center60,42.81598171971403,0.9803018137814502,,False,False,1.0,33.963,0.0,fixed_grid_sync,0,256,384,232.8556,sync_fail
3,000000092053.jpg,Sync,real_random30,42.81598171971403,0.9803018137814502,,False,False,1.0,34.369,0.0,fixed_grid_sync,0,299,448,232.8556,sync_fail
3,000000092053.jpg,Sync,real_top30_jpeg_q30,42.81598171971403,0.9803018137814502,,False,False,1.0,58.356,0.0,fixed_grid_sync,0,299,640,232.8556,sync_fail
3,000000092053.jpg,Full,closed_loop,40.63552104004551,0.9602054305663557,DCT_PRO_COPYRIGHT,True,True,0.0,6.542,1.0,robust_layer,0,427,640,232.8556,
3,000000092053.jpg,Full,jpeg_q30,40.63552104004551,0.9602054305663557,,False,False,1.0,752.23,0.0,phase_search_timeout,15,427,640,232.8556,payload_crc_fail
3,000000092053.jpg,Full,real_top30,40.63552104004551,0.9602054305663557,DCT_PRO_COPYRIGHT,True,True,0.0,243.863,1.0,vote_merge,10,299,640,232.8556,
3,000000092053.jpg,Full,real_left30,40.63552104004551,0.9602054305663557,DCT_PRO_COPYRIGHT,True,True,0.0,850.6,1.0,vote_merge,9,427,448,232.8556,
3,000000092053.jpg,Full,real_center60,40.63552104004551,0.9602054305663557,* b $,False,False,0.463235,731.053,0.488372,robust_layer,6,256,384,232.8556,sync_fail
3,000000092053.jpg,Full,real_random30,40.63552104004551,0.9602054305663557,,False,False,1.0,731.526,0.0,phase_search_timeout,6,299,448,232.8556,crop_phase_miss
3,000000092053.jpg,Full,real_top30_jpeg_q30,40.63552104004551,0.9602054305663557,,False,False,1.0,757.588,0.0,phase_search_timeout,10,299,640,232.8556,crop_phase_miss
4,000000125472.jpg,Base,closed_loop,42.28341628178462,0.9885806894221908,,False,False,1.0,2.092,0.0,classic_dct,0,640,427,980.9828,sync_fail
4,000000125472.jpg,Base,jpeg_q30,42.28341628178462,0.9885806894221908,,False,False,1.0,4.225,0.0,classic_dct,0,640,427,980.9828,sync_fail
4,000000125472.jpg,Base,real_top30,42.28341628178462,0.9885806894221908,,False,False,1.0,1.707,0.0,classic_dct,0,448,427,980.9828,crop_phase_miss
4,000000125472.jpg,Base,real_left30,42.28341628178462,0.9885806894221908,,False,False,1.0,1.194,0.0,classic_dct,0,640,299,980.9828,crop_phase_miss
4,000000125472.jpg,Base,real_center60,42.28341628178462,0.9885806894221908,,False,False,1.0,0.844,0.0,classic_dct,0,384,256,980.9828,crop_phase_miss
4,000000125472.jpg,Base,real_random30,42.28341628178462,0.9885806894221908,,False,False,1.0,1.108,0.0,classic_dct,0,448,299,980.9828,crop_phase_miss
4,000000125472.jpg,Base,real_top30_jpeg_q30,42.28341628178462,0.9885806894221908,,False,False,1.0,1.21,0.0,classic_dct,0,448,427,980.9828,crop_phase_miss
4,000000125472.jpg,JND,closed_loop,42.56128542653717,0.9939770058696441,,False,False,1.0,1.954,0.0,classic_dct_jnd,0,640,427,980.9828,sync_fail
4,000000125472.jpg,JND,jpeg_q30,42.56128542653717,0.9939770058696441,,False,False,1.0,2.059,0.0,classic_dct_jnd,0,640,427,980.9828,sync_fail
4,000000125472.jpg,JND,real_top30,42.56128542653717,0.9939770058696441,,False,False,1.0,2.641,0.0,classic_dct_jnd,0,448,427,980.9828,crop_phase_miss
4,000000125472.jpg,JND,real_left30,42.56128542653717,0.9939770058696441,,False,False,1.0,2.662,0.0,classic_dct_jnd,0,640,299,980.9828,crop_phase_miss
4,000000125472.jpg,JND,real_center60,42.56128542653717,0.9939770058696441,,False,False,1.0,0.919,0.0,classic_dct_jnd,0,384,256,980.9828,crop_phase_miss
4,000000125472.jpg,JND,real_random30,42.56128542653717,0.9939770058696441,,False,False,1.0,1.227,0.0,classic_dct_jnd,0,448,299,980.9828,crop_phase_miss
4,000000125472.jpg,JND,real_top30_jpeg_q30,42.56128542653717,0.9939770058696441,,False,False,1.0,1.131,0.0,classic_dct_jnd,0,448,427,980.9828,crop_phase_miss
4,000000125472.jpg,Tile_only,closed_loop,41.615251780278655,0.9718265123631851,DCT_PRO_COPYRIGHT,True,True,0.0,28.459,0.990396,fixed_grid_tile,14,640,427,980.9828,
4,000000125472.jpg,Tile_only,jpeg_q30,41.615251780278655,0.9718265123631851,   ,False,False,0.441176,20.256,1.0,fixed_grid_tile,2,640,427,980.9828,payload_crc_fail
4,000000125472.jpg,Tile_only,real_top30,41.615251780278655,0.9718265123631851,,False,False,1.0,15.672,0.0,fixed_grid_tile,0,448,427,980.9828,crop_phase_miss
4,000000125472.jpg,Tile_only,real_left30,41.615251780278655,0.9718265123631851,DCT_PRO_COPYRIGHT,True,True,0.0,16.264,0.989916,fixed_grid_tile,10,640,299,980.9828,
4,000000125472.jpg,Tile_only,real_center60,41.615251780278655,0.9718265123631851,,False,False,1.0,9.509,0.0,fixed_grid_tile,0,384,256,980.9828,crop_phase_miss
4,000000125472.jpg,Tile_only,real_random30,41.615251780278655,0.9718265123631851,,False,False,1.0,8.278,0.0,fixed_grid_tile,0,448,299,980.9828,crop_phase_miss
4,000000125472.jpg,Tile_only,real_top30_jpeg_q30,41.615251780278655,0.9718265123631851,,False,False,1.0,11.646,1.0,fixed_grid_tile,1,448,427,980.9828,crop_phase_miss
4,000000125472.jpg,Tile,closed_loop,42.67430548751875,0.9868759856505528,DCT_PRO_COPYRIGHT,True,True,0.0,63.978,0.997599,fixed_grid_tile,14,640,427,980.9828,
4,000000125472.jpg,Tile,jpeg_q30,42.67430548751875,0.9868759856505528,   P       ,False,False,0.448529,116.822,1.0,fixed_grid_tile,2,640,427,980.9828,payload_crc_fail
4,000000125472.jpg,Tile,real_top30,42.67430548751875,0.9868759856505528,,False,False,1.0,42.613,0.0,fixed_grid_tile,0,448,427,980.9828,crop_phase_miss
4,000000125472.jpg,Tile,real_left30,42.67430548751875,0.9868759856505528,DCT_PRO_COPYRIGHT,True,True,0.0,57.474,0.996639,fixed_grid_tile,10,640,299,980.9828,
4,000000125472.jpg,Tile,real_center60,42.67430548751875,0.9868759856505528,,False,False,1.0,30.187,0.0,fixed_grid_tile,0,384,256,980.9828,crop_phase_miss
4,000000125472.jpg,Tile,real_random30,42.67430548751875,0.9868759856505528,,False,False,1.0,28.997,0.0,fixed_grid_tile,0,448,299,980.9828,crop_phase_miss
4,000000125472.jpg,Tile,real_top30_jpeg_q30,42.67430548751875,0.9868759856505528,,False,False,1.0,49.657,1.0,fixed_grid_tile,1,448,427,980.9828,crop_phase_miss
4,000000125472.jpg,Sync,closed_loop,41.565215724801504,0.9834121751590129,DCT_PRO_COPYRIGHT,True,True,0.0,45.48,0.991597,fixed_grid_sync,14,640,427,980.9828,
4,000000125472.jpg,Sync,jpeg_q30,41.565215724801504,0.9834121751590129,,False,False,1.0,45.89,0.0,fixed_grid_sync,0,640,427,980.9828,sync_fail
4,000000125472.jpg,Sync,real_top30,41.565215724801504,0.9834121751590129,,False,False,1.0,26.762,0.0,fixed_grid_sync,0,448,427,980.9828,sync_fail
4,000000125472.jpg,Sync,real_left30,41.565215724801504,0.9834121751590129,DCT_PRO_COPYRIGHT,True,True,0.0,43.834,0.994398,fixed_grid_sync,9,640,299,980.9828,
4,000000125472.jpg,Sync,real_center60,41.565215724801504,0.9834121751590129,,False,False,1.0,20.41,0.0,fixed_grid_sync,0,384,256,980.9828,sync_fail
4,000000125472.jpg,Sync,real_random30,41.565215724801504,0.9834121751590129,,False,False,1.0,38.448,0.0,fixed_grid_sync,0,448,299,980.9828,sync_fail
4,000000125472.jpg,Sync,real_top30_jpeg_q30,41.565215724801504,0.9834121751590129,,False,False,1.0,39.115,0.0,fixed_grid_sync,0,448,427,980.9828,sync_fail
4,000000125472.jpg,Full,closed_loop,37.92205886413545,0.9649451229977153,DCT_PRO_COPYRIGHT,True,True,0.0,7.342,0.968487,robust_layer,0,640,427,980.9828,
4,000000125472.jpg,Full,jpeg_q30,37.92205886413545,0.9649451229977153,DCT_PRO_COPYRIGHT,True,True,0.0,6.913,0.907563,robust_layer,0,640,427,980.9828,
4,000000125472.jpg,Full,real_top30,37.92205886413545,0.9649451229977153,DCT_PRO_COPYRIGHT,True,True,0.0,755.983,1.0,vote_merge,9,448,427,980.9828,
4,000000125472.jpg,Full,real_left30,37.92205886413545,0.9649451229977153,DCT_PRO_COPYRIGHT,True,True,0.0,67.86,1.0,fixed_grid_full,10,640,299,980.9828,
4,000000125472.jpg,Full,real_center60,37.92205886413545,0.9649451229977153,,False,False,1.0,761.806,0.0,phase_search_timeout,6,384,256,980.9828,crop_phase_miss
4,000000125472.jpg,Full,real_random30,37.92205886413545,0.9649451229977153,,False,False,1.0,757.105,0.0,phase_search_timeout,6,448,299,980.9828,crop_phase_miss
4,000000125472.jpg,Full,real_top30_jpeg_q30,37.92205886413545,0.9649451229977153,,False,False,1.0,738.729,0.0,phase_search_timeout,9,448,427,980.9828,crop_phase_miss
5,000000154705.jpg,Base,closed_loop,43.47748364878334,0.9901426003295489,DCT_PRO_COPYRIGHT,True,True,0.0,7.037,1.0,classic_dct,0,464,640,729.8141,
5,000000154705.jpg,Base,jpeg_q30,43.47748364878334,0.9901426003295489,"DCT_PRO_COPYRIGHT   @         @@  
      	  @            `       @           @          	   @      !         DCT_PRO_COPYRIGHT   @         @@  
      	  @            `       @           @          	   @      !         DCT_PRO_COPYRIGHT   @         @@  
      	  @            `       @           @          	   @      !         DCT_PRO_COPYRIGHT   @         @@  
      	  @            `       @           @          	   @      !         DCT_PRO_COPYRIGHT   @         @@  
      	  @            `       @           @          	   @      !         DCT_PRO_COPYRIGHT   @         @@  
      	  @            `       @           @          	   @      !         DCT_PRO_COPYRIGHT   @         @@  
      	  @            `       @           @          	   @      !         DCT_PRO_COPYRIGHT   @         @@  
      	  @            `       @           @          	   @      !         DCT_PRO_COPYRIGHT   @         @@  
      	  @            `       @           @          	   @      !         DCT_PRO_COPYRIGHT   @         @@  
      	  @            `       @           @          	   @      !         DCT_PRO_COPYRIGHT   @         @@  
      	  @            `       @           @          	   @      !         DCT_PRO_COPYRIGHT   @         @@  
      	  @            `       @           @          	   @      !         DCT_PRO_COPYRIGHT   @         @@  
      	  @            `       @           @          	   @      !         DCT_PRO_COPYRIGHT   @         @@  
      	  @            `       @           @          	   @      !         DCT_PRO_COPYRIGHT   @         @@  
      	  @            `       @           @          	   @      !         DCT_PRO_COPYRIGHT   @         @@  
      	  @            `       @           @          	   @      !         DCT_PRO_COPYRIGHT   @         @@  
      	  @            `       @           @          	   @      !         DCT_PRO_COPYRIGHT   @         @@  
      	  @            `       @           @          	   @      !         DCT_PRO_COPYRIGHT   @         @@  
      	  @            `       @           @          	   @      !         DCT_PRO_COPYRIGHT   @         @@  
      	  @            `       @           @          	   @      !         DCT_PRO_COPYRIGHT   @         @@  
      	  @            `       @           @          	   @      !         DCT_PRO_COPYRIGHT   @         @@  
      	  @            `       @           @          	   @      !         DCT_PRO_COPYRIGHT   @         @@  
      	  @            `       @           @          	   @      !         DCT_PRO_COPYRIGHT   @         @@  
      	  @            `       @           @          	   @      !         DCT_PRO_COPYRIGHT   @         @@  
      	  @            `       @           @          	   @      !         DCT_PRO_COPYRIGHT   @         @@  
      	  @            `       @           @          	   @      !         DCT_PRO_COPYRIGHT   @         @@  
      	  @            `       @           @          	   @      !         DCT_PRO_COPYRIGHT   @         @@  
      	  @            `       @           @          	   @      !         DCT_PRO_COPYRIGHT   @         @@  
      	  @            `       @           @          	   @      !         DCT_PRO_COPYRIGHT   @         @@  
      	  @            `       @           @          	   @      !         DCT_PRO_COPYRIGHT   @         @@  
      	  @            `       @           @          	   @      !         DCT_PRO_COPYRIGHT   @         @@  
      	  @            `       @           @          	   @      !         DCT_PRO_COPYRIGHT   @         @@  
      	  @            `       @           @          	   @      !         DCT_PRO_COPYRIGHT   @         @@  
      	  @            `       @           @          	   @      !         DCT_PRO_COPYRIGHT   @         @@  
      	  @            `       @           @          	   @      !         DCT_PRO_COPYRIGHT   @         @@  
      	  @            `       @           @          	   @      !         DCT_PRO_COPYRIGHT   @         @@  
      	  @            `       @           @          	   @      !         DCT_PRO_COPYRIGHT   @         @@  
      	  @            `       @           @          	   @      !         DCT_PRO_COPYRIGHT   @         @@  
      	  @            `       @           @          	   @      !         DCT_PRO_COPYRIGHT   @         @@  
      	  @            `       @           @          	   @      !         DCT_PRO_COPYRIGHT   @         @@  
      	  @            `       @           @          	   @      !         DCT_PRO_COPYRIGHT   @         @@  
      	  @            `       @           @          	   @      !         DCT_PRO_COPYRIGHT   @         @@  
      	  @            `       @           @          	   @      !         DCT_PRO_COPYRIGHT   @         @@  
      	  @            `       @           @          	   @      !         DCT_PRO_COPYRIGHT   @         @@  
      	  @            `       @           @          	   @      !         DCT_PRO_COPYRIGHT   @         @@  
      	  @            `       @           @          	   @      !         DCT_PRO_COPYRIGHT   @         @@  
      	  @            `       @           @          	   @      !         DCT_PRO_COPYRIGHT   @         @@  
      	  @            `       @           @          	   @      !         DCT_PRO_COPYRIGHT   @         @@  
      	  @            `       @           @          	   @      !         DCT_PRO_COPYRIGHT   @         @@  
      	  @            `       @           @          	   @      !         DCT_PRO_COPYRIGHT   @         @@  
      	  @            `       @           @          	   @      !         DCT_PRO_COPYRIGHT   @         @@  
      	  @            `       @           @          	   @      !         DCT_PRO_COPYRIGHT   @         @@  
      	  @            `       @           @          	   @      !         DCT_PRO_COPYRIGHT   @         @@  
      	  @            `       @           @          	   @      !         DCT_PRO_COPYRIGHT   @         @@  
      	  @            `       @           @          	   @      !         DCT_PRO_COPYRIGHT   @         @@  
      	  @            `       @           @          	   @      !         DCT_PRO_COPYRIGHT   @         @@  
      	  @            `       @    ",False,False,0.165832,2355.054,1.0,classic_dct,0,464,640,729.8141,payload_crc_fail
5,000000154705.jpg,Base,real_top30,43.47748364878334,0.9901426003295489,,False,False,1.0,2.911,0.0,classic_dct,0,325,640,729.8141,crop_phase_miss
5,000000154705.jpg,Base,real_left30,43.47748364878334,0.9901426003295489,,False,False,1.0,2.567,0.0,classic_dct,0,464,448,729.8141,crop_phase_miss
5,000000154705.jpg,Base,real_center60,43.47748364878334,0.9901426003295489,,False,False,1.0,2.37,0.0,classic_dct,0,278,384,729.8141,crop_phase_miss
5,000000154705.jpg,Base,real_random30,43.47748364878334,0.9901426003295489,,False,False,1.0,1.47,0.0,classic_dct,0,325,448,729.8141,crop_phase_miss
5,000000154705.jpg,Base,real_top30_jpeg_q30,43.47748364878334,0.9901426003295489,,False,False,1.0,1.832,0.0,classic_dct,0,325,640,729.8141,crop_phase_miss
5,000000154705.jpg,JND,closed_loop,43.90087871320037,0.9940049923306542,DCT_PRO_COPYRIGHT,True,True,0.0,10.188,1.0,classic_dct_jnd,0,464,640,729.8141,
5,000000154705.jpg,JND,jpeg_q30,43.90087871320037,0.9940049923306542," BP      @@ P       @         @@  
      	  @            `       @           @          	   @      !          BP      @@ P       @         @@  
      	  @            `       @           @          	   @      !          BP      @@ P       @         @@  
      	  @            `       @           @          	   @      !          BP      @@ P       @         @@  
      	  @            `       @           @          	   @      !          BP      @@ P       @         @@  
      	  @            `       @           @          	   @      !          BP      @@ P       @         @@  
      	  @            `       @           @          	   @      !          BP      @@ P       @         @@  
      	  @            `       @           @          	   @      !          BP      @@ P       @         @@  
      	  @            `       @           @          	   @      !          BP      @@ P       @         @@  
      	  @            `       @           @          	   @      !          BP      @@ P       @         @@  
      	  @            `       @           @          	   @      !          BP      @@ P       @         @@  
      	  @            `       @           @          	   @      !          BP      @@ P       @         @@  
      	  @            `       @           @          	   @      !          BP      @@ P       @         @@  
      	  @            `       @           @          	   @      !          BP      @@ P       @         @@  
      	  @            `       @           @          	   @      !          BP      @@ P       @         @@  
      	  @            `       @           @          	   @      !          BP      @@ P       @         @@  
      	  @            `       @           @          	   @      !          BP      @@ P       @         @@  
      	  @            `       @           @          	   @      !          BP      @@ P       @         @@  
      	  @            `       @           @          	   @      !          BP      @@ P       @         @@  
      	  @            `       @           @          	   @      !          BP      @@ P       @         @@  
      	  @            `       @           @          	   @      !          BP      @@ P       @         @@  
      	  @            `       @           @          	   @      !          BP      @@ P       @         @@  
      	  @            `       @           @          	   @      !          BP      @@ P       @         @@  
      	  @            `       @           @          	   @      !          BP      @@ P       @         @@  
      	  @            `       @           @          	   @      !          BP      @@ P       @         @@  
      	  @            `       @           @          	   @      !          BP      @@ P       @         @@  
      	  @            `       @           @          	   @      !          BP      @@ P       @         @@  
      	  @            `       @           @          	   @      !          BP      @@ P       @         @@  
      	  @            `       @           @          	   @      !          BP      @@ P       @         @@  
      	  @            `       @           @          	   @      !          BP      @@ P       @         @@  
      	  @            `       @           @          	   @      !          BP      @@ P       @         @@  
      	  @            `       @           @          	   @      !          BP      @@ P       @         @@  
      	  @            `       @           @          	   @      !          BP      @@ P       @         @@  
      	  @            `       @           @          	   @      !          BP      @@ P       @         @@  
      	  @            `       @           @          	   @      !          BP      @@ P       @         @@  
      	  @            `       @           @          	   @      !          BP      @@ P       @         @@  
      	  @            `       @           @          	   @      !          BP      @@ P       @         @@  
      	  @            `       @           @          	   @      !          BP      @@ P       @         @@  
      	  @            `       @           @          	   @      !          BP      @@ P       @         @@  
      	  @            `       @           @          	   @      !          BP      @@ P       @         @@  
      	  @            `       @           @          	   @      !          BP      @@ P       @         @@  
      	  @            `       @           @          	   @      !          BP      @@ P       @         @@  
      	  @            `       @           @          	   @      !          BP      @@ P       @         @@  
      	  @            `       @           @          	   @      !          BP      @@ P       @         @@  
      	  @            `       @           @          	   @      !          BP      @@ P       @         @@  
      	  @            `       @           @          	   @      !          BP      @@ P       @         @@  
      	  @            `       @           @          	   @      !          BP      @@ P       @         @@  
      	  @            `       @           @          	   @      !          BP      @@ P       @         @@  
      	  @            `       @           @          	   @      !          BP      @@ P       @         @@  
      	  @            `       @           @          	   @      !          BP      @@ P       @         @@  
      	  @            `       @           @          	   @      !          BP      @@ P       @         @@  
      	  @            `       @           @          	   @      !          BP      @@ P       @         @@  
      	  @            `       @           @          	   @      !          BP      @@ P       @         @@  
      	  @            `       @           @          	   @      !          BP      @@ P       @         @@  
      	  @            `       @           @          	   @      !          BP      @@ P       @         @@  
      	  @            `       @           @          	   @      !          BP      @@ P       @         @@  
      	  @            `       @           @          	   @      !          BP      @@ P       @         @@  
      	  @           ",False,False,0.127352,1742.209,1.0,classic_dct_jnd,0,464,640,729.8141,payload_crc_fail
5,000000154705.jpg,JND,real_top30,43.90087871320037,0.9940049923306542,,False,False,1.0,6.872,0.0,classic_dct_jnd,0,325,640,729.8141,crop_phase_miss
5,000000154705.jpg,JND,real_left30,43.90087871320037,0.9940049923306542,,False,False,1.0,9.406,0.0,classic_dct_jnd,0,464,448,729.8141,crop_phase_miss
5,000000154705.jpg,JND,real_center60,43.90087871320037,0.9940049923306542,,False,False,1.0,8.374,0.0,classic_dct_jnd,0,278,384,729.8141,crop_phase_miss
5,000000154705.jpg,JND,real_random30,43.90087871320037,0.9940049923306542,,False,False,1.0,1.652,0.0,classic_dct_jnd,0,325,448,729.8141,crop_phase_miss
5,000000154705.jpg,JND,real_top30_jpeg_q30,43.90087871320037,0.9940049923306542,,False,False,1.0,1.915,0.0,classic_dct_jnd,0,325,640,729.8141,crop_phase_miss
5,000000154705.jpg,Tile_only,closed_loop,41.89838847154916,0.9762447542256708,DCT_PRO_COPYRIGHT,True,True,0.0,20.2,1.0,fixed_grid_tile,15,464,640,729.8141,
5,000000154705.jpg,Tile_only,jpeg_q30,41.89838847154916,0.9762447542256708,  f`_ à'x%° x#,False,False,0.5,22.886,1.0,fixed_grid_tile,3,464,640,729.8141,payload_crc_fail
5,000000154705.jpg,Tile_only,real_top30,41.89838847154916,0.9762447542256708,,False,False,1.0,13.895,0.0,fixed_grid_tile,0,325,640,729.8141,crop_phase_miss
5,000000154705.jpg,Tile_only,real_left30,41.89838847154916,0.9762447542256708,,False,False,1.0,15.933,0.0,fixed_grid_tile,0,464,448,729.8141,crop_phase_miss
5,000000154705.jpg,Tile_only,real_center60,41.89838847154916,0.9762447542256708,,False,False,1.0,13.966,0.0,fixed_grid_tile,0,278,384,729.8141,crop_phase_miss
5,000000154705.jpg,Tile_only,real_random30,41.89838847154916,0.9762447542256708,,False,False,1.0,6.838,0.0,fixed_grid_tile,0,325,448,729.8141,crop_phase_miss
5,000000154705.jpg,Tile_only,real_top30_jpeg_q30,41.89838847154916,0.9762447542256708,             ,False,False,0.441176,20.063,1.0,fixed_grid_tile,3,325,640,729.8141,crop_phase_miss
5,000000154705.jpg,Tile,closed_loop,42.86076053928333,0.9876460805422939,DCT_PRO_COPYRIGHT,True,True,0.0,23.763,1.0,fixed_grid_tile,15,464,640,729.8141,
5,000000154705.jpg,Tile,jpeg_q30,42.86076053928333,0.9876460805422939,  fp_ à'x%° x ,False,False,0.486111,22.867,1.0,fixed_grid_tile,3,464,640,729.8141,payload_crc_fail
5,000000154705.jpg,Tile,real_top30,42.86076053928333,0.9876460805422939,,False,False,1.0,13.864,0.0,fixed_grid_tile,0,325,640,729.8141,crop_phase_miss
5,000000154705.jpg,Tile,real_left30,42.86076053928333,0.9876460805422939,,False,False,1.0,14.618,0.0,fixed_grid_tile,0,464,448,729.8141,crop_phase_miss
5,000000154705.jpg,Tile,real_center60,42.86076053928333,0.9876460805422939,,False,False,1.0,7.076,0.0,fixed_grid_tile,0,278,384,729.8141,crop_phase_miss
5,000000154705.jpg,Tile,real_random30,42.86076053928333,0.9876460805422939,úA·ê ÅÃrñÅ8ÃmíE÷ý) G*,False,False,0.488971,11.812,1.0,fixed_grid_tile,2,325,448,729.8141,crop_phase_miss
5,000000154705.jpg,Tile,real_top30_jpeg_q30,42.86076053928333,0.9876460805422939,             ,False,False,0.441176,15.191,1.0,fixed_grid_tile,2,325,640,729.8141,crop_phase_miss
5,000000154705.jpg,Sync,closed_loop,42.22298714802409,0.9858223149114759,DCT_PRO_COPYRIGHT,True,True,0.0,45.506,1.0,fixed_grid_sync,15,464,640,729.8141,
5,000000154705.jpg,Sync,jpeg_q30,42.22298714802409,0.9858223149114759,,False,False,1.0,46.182,0.0,fixed_grid_sync,0,464,640,729.8141,sync_fail
5,000000154705.jpg,Sync,real_top30,42.22298714802409,0.9858223149114759,,False,False,1.0,37.814,0.0,fixed_grid_sync,0,325,640,729.8141,sync_fail
5,000000154705.jpg,Sync,real_left30,42.22298714802409,0.9858223149114759,,False,False,1.0,23.396,0.0,fixed_grid_sync,0,464,448,729.8141,sync_fail
5,000000154705.jpg,Sync,real_center60,42.22298714802409,0.9858223149114759,,False,False,1.0,15.586,0.0,fixed_grid_sync,0,278,384,729.8141,sync_fail
5,000000154705.jpg,Sync,real_random30,42.22298714802409,0.9858223149114759,,False,False,1.0,16.598,0.0,fixed_grid_sync,0,325,448,729.8141,sync_fail
5,000000154705.jpg,Sync,real_top30_jpeg_q30,42.22298714802409,0.9858223149114759,,False,False,1.0,32.187,0.0,fixed_grid_sync,0,325,640,729.8141,sync_fail
5,000000154705.jpg,Full,closed_loop,38.770811678923394,0.9698747658640994,DCT_PRO_COPYRIGHT,True,True,0.0,6.793,0.991597,robust_layer,0,464,640,729.8141,
5,000000154705.jpg,Full,jpeg_q30,38.770811678923394,0.9698747658640994,DCT_PRO_COPYRIGHT,True,True,0.0,7.984,0.983193,robust_layer,0,464,640,729.8141,
5,000000154705.jpg,Full,real_top30,38.770811678923394,0.9698747658640994,,False,False,1.0,782.151,0.0,phase_search_timeout,10,325,640,729.8141,crop_phase_miss
5,000000154705.jpg,Full,real_left30,38.770811678923394,0.9698747658640994,DCT_PRO_COPYRIGHT,True,True,0.0,873.443,1.0,vote_merge,9,464,448,729.8141,
5,000000154705.jpg,Full,real_center60,38.770811678923394,0.9698747658640994,,False,False,1.0,742.331,0.0,phase_search_timeout,6,278,384,729.8141,crop_phase_miss
5,000000154705.jpg,Full,real_random30,38.770811678923394,0.9698747658640994,,False,False,1.0,725.472,0.0,phase_search_timeout,6,325,448,729.8141,crop_phase_miss
5,000000154705.jpg,Full,real_top30_jpeg_q30,38.770811678923394,0.9698747658640994,,False,False,1.0,747.161,0.0,phase_search_timeout,10,325,640,729.8141,crop_phase_miss
6,000000181859.jpg,Base,closed_loop,45.876736183716886,0.9883249451148386,DCT_PRO_COPYRIGHT,True,True,0.0,5.475,1.0,classic_dct,0,640,426,184.7039,
6,000000181859.jpg,Base,jpeg_q30,45.876736183716886,0.9883249451148386,DBT_PRO_COPYRIGHT  2    Ä       À       ,False,False,0.081522,15.258,1.0,classic_dct,0,640,426,184.7039,payload_crc_fail
6,000000181859.jpg,Base,real_top30,45.876736183716886,0.9883249451148386,,False,False,1.0,1.485,0.0,classic_dct,0,448,426,184.7039,crop_phase_miss
6,000000181859.jpg,Base,real_left30,45.876736183716886,0.9883249451148386,,False,False,1.0,1.273,0.0,classic_dct,0,640,298,184.7039,crop_phase_miss
6,000000181859.jpg,Base,real_center60,45.876736183716886,0.9883249451148386,,False,False,1.0,0.766,0.0,classic_dct,0,384,256,184.7039,crop_phase_miss
6,000000181859.jpg,Base,real_random30,45.876736183716886,0.9883249451148386,,False,False,1.0,1.722,0.0,classic_dct,0,448,298,184.7039,crop_phase_miss
6,000000181859.jpg,Base,real_top30_jpeg_q30,45.876736183716886,0.9883249451148386,,False,False,1.0,2.153,0.0,classic_dct,0,448,426,184.7039,crop_phase_miss
6,000000181859.jpg,JND,closed_loop,47.034506751162304,0.9934276801359379,DCT_PRO_COPYRIGHT,True,True,0.0,7.233,1.0,classic_dct_jnd,0,640,426,184.7039,
6,000000181859.jpg,JND,jpeg_q30,47.034506751162304,0.9934276801359379,@   PR       @E    2    Ä       À           @       $ I                 : @À        @            @   PR       @E    2    Ä       À ,False,False,0.144231,36.671,1.0,classic_dct_jnd,0,640,426,184.7039,payload_crc_fail
6,000000181859.jpg,JND,real_top30,47.034506751162304,0.9934276801359379,,False,False,1.0,1.642,0.0,classic_dct_jnd,0,448,426,184.7039,crop_phase_miss
6,000000181859.jpg,JND,real_left30,47.034506751162304,0.9934276801359379,,False,False,1.0,2.107,0.0,classic_dct_jnd,0,640,298,184.7039,crop_phase_miss
6,000000181859.jpg,JND,real_center60,47.034506751162304,0.9934276801359379,,False,False,1.0,0.77,0.0,classic_dct_jnd,0,384,256,184.7039,crop_phase_miss
6,000000181859.jpg,JND,real_random30,47.034506751162304,0.9934276801359379,,False,False,1.0,0.758,0.0,classic_dct_jnd,0,448,298,184.7039,crop_phase_miss
6,000000181859.jpg,JND,real_top30_jpeg_q30,47.034506751162304,0.9934276801359379,,False,False,1.0,1.382,0.0,classic_dct_jnd,0,448,426,184.7039,crop_phase_miss
6,000000181859.jpg,Tile_only,closed_loop,42.89329569975963,0.9732914427929908,DCT_PRO_COPYRIGHT,True,True,0.0,78.673,1.0,fixed_grid_tile,15,640,426,184.7039,
6,000000181859.jpg,Tile_only,jpeg_q30,42.89329569975963,0.9732914427929908,,False,False,0.448529,53.779,1.0,fixed_grid_tile,2,640,426,184.7039,payload_crc_fail
6,000000181859.jpg,Tile_only,real_top30,42.89329569975963,0.9732914427929908,,False,False,1.0,26.28,0.0,fixed_grid_tile,0,448,426,184.7039,crop_phase_miss
6,000000181859.jpg,Tile_only,real_left30,42.89329569975963,0.9732914427929908,DCT_PRO_COPYRIGHT,True,True,0.0,51.471,1.0,fixed_grid_tile,10,640,298,184.7039,
6,000000181859.jpg,Tile_only,real_center60,42.89329569975963,0.9732914427929908,,False,False,1.0,23.839,0.0,fixed_grid_tile,0,384,256,184.7039,crop_phase_miss
6,000000181859.jpg,Tile_only,real_random30,42.89329569975963,0.9732914427929908,,False,False,1.0,22.036,0.0,fixed_grid_tile,0,448,298,184.7039,crop_phase_miss
6,000000181859.jpg,Tile_only,real_top30_jpeg_q30,42.89329569975963,0.9732914427929908," 
 ",False,False,0.433824,29.973,1.0,fixed_grid_tile,1,448,426,184.7039,crop_phase_miss
6,000000181859.jpg,Tile,closed_loop,44.27912985497702,0.9861285480733214,DCT_PRO_COPYRIGHT,True,True,0.0,65.803,1.0,fixed_grid_tile,15,640,426,184.7039,
6,000000181859.jpg,Tile,jpeg_q30,44.27912985497702,0.9861285480733214,,False,False,0.448529,45.31,1.0,fixed_grid_tile,2,640,426,184.7039,payload_crc_fail
6,000000181859.jpg,Tile,real_top30,44.27912985497702,0.9861285480733214,,False,False,1.0,24.141,0.0,fixed_grid_tile,0,448,426,184.7039,crop_phase_miss
6,000000181859.jpg,Tile,real_left30,44.27912985497702,0.9861285480733214,DCT_PRO_COPYRIGHT,True,True,0.0,25.731,1.0,fixed_grid_tile,10,640,298,184.7039,
6,000000181859.jpg,Tile,real_center60,44.27912985497702,0.9861285480733214,,False,False,1.0,13.072,0.0,fixed_grid_tile,0,384,256,184.7039,crop_phase_miss
6,000000181859.jpg,Tile,real_random30,44.27912985497702,0.9861285480733214,,False,False,1.0,21.23,0.0,fixed_grid_tile,0,448,298,184.7039,crop_phase_miss
6,000000181859.jpg,Tile,real_top30_jpeg_q30,44.27912985497702,0.9861285480733214," 
 ",False,False,0.433824,15.333,1.0,fixed_grid_tile,1,448,426,184.7039,crop_phase_miss
6,000000181859.jpg,Sync,closed_loop,43.14767447199039,0.9829019028639904,DCT_PRO_COPYRIGHT,True,True,0.0,54.369,1.0,fixed_grid_sync,15,640,426,184.7039,
6,000000181859.jpg,Sync,jpeg_q30,43.14767447199039,0.9829019028639904,,False,False,1.0,43.439,0.0,fixed_grid_sync,0,640,426,184.7039,sync_fail
6,000000181859.jpg,Sync,real_top30,43.14767447199039,0.9829019028639904,,False,False,1.0,28.599,0.0,fixed_grid_sync,0,448,426,184.7039,sync_fail
6,000000181859.jpg,Sync,real_left30,43.14767447199039,0.9829019028639904,DCT_PRO_COPYRIGHT,True,True,0.0,32.052,1.0,fixed_grid_sync,10,640,298,184.7039,
6,000000181859.jpg,Sync,real_center60,43.14767447199039,0.9829019028639904,,False,False,1.0,18.393,0.0,fixed_grid_sync,0,384,256,184.7039,sync_fail
6,000000181859.jpg,Sync,real_random30,43.14767447199039,0.9829019028639904,,False,False,1.0,15.579,0.0,fixed_grid_sync,0,448,298,184.7039,sync_fail
6,000000181859.jpg,Sync,real_top30_jpeg_q30,43.14767447199039,0.9829019028639904,,False,False,1.0,27.811,0.0,fixed_grid_sync,0,448,426,184.7039,sync_fail
6,000000181859.jpg,Full,closed_loop,40.59713341428118,0.9628337341758483,DCT_PRO_COPYRIGHT,True,True,0.0,7.728,1.0,robust_layer,0,640,426,184.7039,
6,000000181859.jpg,Full,jpeg_q30,40.59713341428118,0.9628337341758483,DCT_PRO_COPYRIGHT,True,True,0.0,6.525,1.0,robust_layer,0,640,426,184.7039,
6,000000181859.jpg,Full,real_top30,40.59713341428118,0.9628337341758483,DCT_PRO_COPYRIGHT,True,True,0.0,813.278,1.0,vote_merge,9,448,426,184.7039,
6,000000181859.jpg,Full,real_left30,40.59713341428118,0.9628337341758483,DCT_PRO_COPYRIGHT,True,True,0.0,281.093,1.0,vote_merge,10,640,298,184.7039,
6,000000181859.jpg,Full,real_center60,40.59713341428118,0.9628337341758483,,False,False,1.0,791.456,0.0,phase_search_timeout,6,384,256,184.7039,crop_phase_miss
6,000000181859.jpg,Full,real_random30,40.59713341428118,0.9628337341758483,,False,False,1.0,1454.337,0.0,phase_search_timeout,6,448,298,184.7039,crop_phase_miss
6,000000181859.jpg,Full,real_top30_jpeg_q30,40.59713341428118,0.9628337341758483,,False,False,1.0,760.741,0.0,phase_search_timeout,9,448,426,184.7039,crop_phase_miss
7,000000212072.jpg,Base,closed_loop,41.7354216662891,0.9886744466924737,DCT_PRO_COPYRIGHT,True,True,0.0,4.349,1.0,classic_dct,0,375,500,773.8563,
7,000000212072.jpg,Base,jpeg_q30,41.7354216662891,0.9886744466924737,DCT_PRO_COPYRIGHT,True,True,0.0,6.752,1.0,classic_dct,0,375,500,773.8563,
7,000000212072.jpg,Base,real_top30,41.7354216662891,0.9886744466924737,,False,False,1.0,1.211,0.0,classic_dct,0,263,500,773.8563,crop_phase_miss
7,000000212072.jpg,Base,real_left30,41.7354216662891,0.9886744466924737,,False,False,1.0,0.77,0.0,classic_dct,0,375,350,773.8563,crop_phase_miss
7,000000212072.jpg,Base,real_center60,41.7354216662891,0.9886744466924737,,False,False,1.0,0.511,0.0,classic_dct,0,225,300,773.8563,crop_phase_miss
7,000000212072.jpg,Base,real_random30,41.7354216662891,0.9886744466924737,,False,False,1.0,0.64,0.0,classic_dct,0,262,350,773.8563,crop_phase_miss
7,000000212072.jpg,Base,real_top30_jpeg_q30,41.7354216662891,0.9886744466924737,,False,False,1.0,0.965,0.0,classic_dct,0,263,500,773.8563,crop_phase_miss
7,000000212072.jpg,JND,closed_loop,42.28134923709537,0.9926023750053866,DCT_PRO_COPYRIGHT,True,True,0.0,4.799,1.0,classic_dct_jnd,0,375,500,773.8563,
7,000000212072.jpg,JND,jpeg_q30,42.28134923709537,0.9926023750053866,,False,False,1.0,2.021,0.0,classic_dct_jnd,0,375,500,773.8563,sync_fail
7,000000212072.jpg,JND,real_top30,42.28134923709537,0.9926023750053866,,False,False,1.0,1.053,0.0,classic_dct_jnd,0,263,500,773.8563,crop_phase_miss
7,000000212072.jpg,JND,real_left30,42.28134923709537,0.9926023750053866,,False,False,1.0,0.765,0.0,classic_dct_jnd,0,375,350,773.8563,crop_phase_miss
7,000000212072.jpg,JND,real_center60,42.28134923709537,0.9926023750053866,,False,False,1.0,0.862,0.0,classic_dct_jnd,0,225,300,773.8563,crop_phase_miss
7,000000212072.jpg,JND,real_random30,42.28134923709537,0.9926023750053866,,False,False,1.0,0.984,0.0,classic_dct_jnd,0,262,350,773.8563,crop_phase_miss
7,000000212072.jpg,JND,real_top30_jpeg_q30,42.28134923709537,0.9926023750053866,,False,False,1.0,1.402,0.0,classic_dct_jnd,0,263,500,773.8563,crop_phase_miss
7,000000212072.jpg,Tile_only,closed_loop,44.855417962921535,0.9848681409221122,DCT_PRO_COPYRIGHT,True,True,0.0,16.156,1.0,fixed_grid_tile,6,375,500,773.8563,
7,000000212072.jpg,Tile_only,jpeg_q30,44.855417962921535,0.9848681409221122,,False,False,1.0,12.478,0.0,fixed_grid_tile,0,375,500,773.8563,sync_fail
7,000000212072.jpg,Tile_only,real_top30,44.855417962921535,0.9848681409221122,,False,False,1.0,12.946,0.0,fixed_grid_tile,0,263,500,773.8563,crop_phase_miss
7,000000212072.jpg,Tile_only,real_left30,44.855417962921535,0.9848681409221122,,False,False,1.0,5.227,0.0,fixed_grid_tile,0,375,350,773.8563,crop_phase_miss
7,000000212072.jpg,Tile_only,real_center60,44.855417962921535,0.9848681409221122,,False,False,1.0,4.192,0.0,fixed_grid_tile,0,225,300,773.8563,crop_phase_miss
7,000000212072.jpg,Tile_only,real_random30,44.855417962921535,0.9848681409221122,,False,False,1.0,10.143,0.0,fixed_grid_tile,0,262,350,773.8563,crop_phase_miss
7,000000212072.jpg,Tile_only,real_top30_jpeg_q30,44.855417962921535,0.9848681409221122,,False,False,1.0,13.516,0.0,fixed_grid_tile,0,263,500,773.8563,crop_phase_miss
7,000000212072.jpg,Tile,closed_loop,46.50884095754005,0.9925523763849031,DCT_PRO_COPYRIGHT,True,True,0.0,10.687,1.0,fixed_grid_tile,6,375,500,773.8563,
7,000000212072.jpg,Tile,jpeg_q30,46.50884095754005,0.9925523763849031,,False,False,1.0,13.698,0.0,fixed_grid_tile,0,375,500,773.8563,sync_fail
7,000000212072.jpg,Tile,real_top30,46.50884095754005,0.9925523763849031,,False,False,1.0,17.213,0.0,fixed_grid_tile,0,263,500,773.8563,crop_phase_miss
7,000000212072.jpg,Tile,real_left30,46.50884095754005,0.9925523763849031,,False,False,1.0,12.997,0.0,fixed_grid_tile,0,375,350,773.8563,crop_phase_miss
7,000000212072.jpg,Tile,real_center60,46.50884095754005,0.9925523763849031,,False,False,1.0,5.688,0.0,fixed_grid_tile,0,225,300,773.8563,crop_phase_miss
7,000000212072.jpg,Tile,real_random30,46.50884095754005,0.9925523763849031,,False,False,1.0,14.608,0.0,fixed_grid_tile,0,262,350,773.8563,crop_phase_miss
7,000000212072.jpg,Tile,real_top30_jpeg_q30,46.50884095754005,0.9925523763849031,,False,False,1.0,15.167,0.0,fixed_grid_tile,0,263,500,773.8563,crop_phase_miss
7,000000212072.jpg,Sync,closed_loop,45.462956791027224,0.9914835773663753,DCT_PRO_COPYRIGHT,True,True,0.0,65.125,1.0,fixed_grid_sync,6,375,500,773.8563,
7,000000212072.jpg,Sync,jpeg_q30,45.462956791027224,0.9914835773663753,,False,False,1.0,97.115,0.0,fixed_grid_sync,0,375,500,773.8563,sync_fail
7,000000212072.jpg,Sync,real_top30,45.462956791027224,0.9914835773663753,DCT_PRO_COPYRIGHT,True,True,0.0,99.919,1.0,fixed_grid_sync,3,263,500,773.8563,
7,000000212072.jpg,Sync,real_left30,45.462956791027224,0.9914835773663753,,False,False,1.0,29.289,0.0,fixed_grid_sync,0,375,350,773.8563,sync_fail
7,000000212072.jpg,Sync,real_center60,45.462956791027224,0.9914835773663753,,False,False,1.0,22.535,0.0,fixed_grid_sync,0,225,300,773.8563,sync_fail
7,000000212072.jpg,Sync,real_random30,45.462956791027224,0.9914835773663753,,False,False,1.0,46.881,0.0,fixed_grid_sync,0,262,350,773.8563,sync_fail
7,000000212072.jpg,Sync,real_top30_jpeg_q30,45.462956791027224,0.9914835773663753,,False,False,1.0,30.106,0.0,fixed_grid_sync,0,263,500,773.8563,sync_fail
7,000000212072.jpg,Full,closed_loop,40.585645923964066,0.9847501736194951,DCT_PRO_COPYRIGHT,True,True,0.0,3.344,0.994398,robust_layer,0,375,500,773.8563,
7,000000212072.jpg,Full,jpeg_q30,40.585645923964066,0.9847501736194951,DCT_PRO_COPYRIGHT,True,True,0.0,3.12,0.994398,robust_layer,0,375,500,773.8563,
7,000000212072.jpg,Full,real_top30,40.585645923964066,0.9847501736194951,DCT_PRO_COPYRIGHT,True,True,0.0,21.624,1.0,vote_merge,6,263,500,773.8563,
7,000000212072.jpg,Full,real_left30,40.585645923964066,0.9847501736194951,,False,False,1.0,719.986,0.0,phase_search_timeout,4,375,350,773.8563,crop_phase_miss
7,000000212072.jpg,Full,real_center60,40.585645923964066,0.9847501736194951,,False,False,1.0,715.164,0.0,phase_search_timeout,2,225,300,773.8563,crop_phase_miss
7,000000212072.jpg,Full,real_random30,40.585645923964066,0.9847501736194951,,False,False,1.0,730.349,0.0,phase_search_timeout,4,262,350,773.8563,crop_phase_miss
7,000000212072.jpg,Full,real_top30_jpeg_q30,40.585645923964066,0.9847501736194951,,False,False,1.0,819.793,0.0,phase_search_timeout,6,263,500,773.8563,crop_phase_miss
8,000000241677.jpg,Base,closed_loop,43.05973557056192,0.9956458685289089,"DCT_PRO_COPYRIGHTÉ|§].·×b¿t¹f-ÝKâ5º9 èU:§ã zxc± ûH ské{ ùæÀôu
Ì¤Ñ î²Ùï ð°ú	\\Ä ´_>y7ßoç×Ñé=à6Þ
FÐEêé·¸F>",False,False,0.429073,26.49,1.0,classic_dct,0,480,640,796.4845,payload_crc_fail
8,000000241677.jpg,Base,jpeg_q30,43.05973557056192,0.9956458685289089,,False,False,1.0,2.892,0.0,classic_dct,0,480,640,796.4845,sync_fail
8,000000241677.jpg,Base,real_top30,43.05973557056192,0.9956458685289089,,False,False,1.0,1.45,0.0,classic_dct,0,336,640,796.4845,crop_phase_miss
8,000000241677.jpg,Base,real_left30,43.05973557056192,0.9956458685289089,,False,False,1.0,3.64,0.0,classic_dct,0,480,448,796.4845,crop_phase_miss
8,000000241677.jpg,Base,real_center60,43.05973557056192,0.9956458685289089,,False,False,1.0,1.592,0.0,classic_dct,0,288,384,796.4845,crop_phase_miss
8,000000241677.jpg,Base,real_random30,43.05973557056192,0.9956458685289089,,False,False,1.0,1.24,0.0,classic_dct,0,336,448,796.4845,crop_phase_miss
8,000000241677.jpg,Base,real_top30_jpeg_q30,43.05973557056192,0.9956458685289089,,False,False,1.0,1.615,0.0,classic_dct,0,336,640,796.4845,crop_phase_miss
8,000000241677.jpg,JND,closed_loop,43.51069114151777,0.9965723190184151,DCT_PRO_COPYRIGHT,True,True,0.0,12.426,1.0,classic_dct_jnd,0,480,640,796.4845,
8,000000241677.jpg,JND,jpeg_q30,43.51069114151777,0.9965723190184151,,False,False,1.0,2.927,0.0,classic_dct_jnd,0,480,640,796.4845,sync_fail
8,000000241677.jpg,JND,real_top30,43.51069114151777,0.9965723190184151,,False,False,1.0,2.04,0.0,classic_dct_jnd,0,336,640,796.4845,crop_phase_miss
8,000000241677.jpg,JND,real_left30,43.51069114151777,0.9965723190184151,,False,False,1.0,2.841,0.0,classic_dct_jnd,0,480,448,796.4845,crop_phase_miss
8,000000241677.jpg,JND,real_center60,43.51069114151777,0.9965723190184151,,False,False,1.0,1.95,0.0,classic_dct_jnd,0,288,384,796.4845,crop_phase_miss
8,000000241677.jpg,JND,real_random30,43.51069114151777,0.9965723190184151,,False,False,1.0,1.674,0.0,classic_dct_jnd,0,336,448,796.4845,crop_phase_miss
8,000000241677.jpg,JND,real_top30_jpeg_q30,43.51069114151777,0.9965723190184151,,False,False,1.0,2.307,0.0,classic_dct_jnd,0,336,640,796.4845,crop_phase_miss
8,000000241677.jpg,Tile_only,closed_loop,40.91313384462556,0.9907198556730463,DCT_PRO_COPYRIGHT,True,True,0.0,17.909,1.0,fixed_grid_tile,15,480,640,796.4845,
8,000000241677.jpg,Tile_only,jpeg_q30,40.91313384462556,0.9907198556730463,,False,False,1.0,22.591,1.0,fixed_grid_tile,1,480,640,796.4845,sync_fail
8,000000241677.jpg,Tile_only,real_top30,40.91313384462556,0.9907198556730463,,False,False,1.0,16.977,0.0,fixed_grid_tile,0,336,640,796.4845,crop_phase_miss
8,000000241677.jpg,Tile_only,real_left30,40.91313384462556,0.9907198556730463,,False,False,1.0,13.812,0.0,fixed_grid_tile,0,480,448,796.4845,crop_phase_miss
8,000000241677.jpg,Tile_only,real_center60,40.91313384462556,0.9907198556730463,,False,False,1.0,7.766,0.0,fixed_grid_tile,0,288,384,796.4845,crop_phase_miss
8,000000241677.jpg,Tile_only,real_random30,40.91313384462556,0.9907198556730463,,False,False,1.0,12.961,0.0,fixed_grid_tile,0,336,448,796.4845,crop_phase_miss
8,000000241677.jpg,Tile_only,real_top30_jpeg_q30,40.91313384462556,0.9907198556730463,,False,False,1.0,14.744,0.0,fixed_grid_tile,0,336,640,796.4845,crop_phase_miss
8,000000241677.jpg,Tile,closed_loop,41.61731035649352,0.993593141587805,DCT_PRO_COPYRIGHT,True,True,0.0,130.646,1.0,fixed_grid_tile,15,480,640,796.4845,
8,000000241677.jpg,Tile,jpeg_q30,41.61731035649352,0.993593141587805,,False,False,1.0,58.657,1.0,fixed_grid_tile,1,480,640,796.4845,sync_fail
8,000000241677.jpg,Tile,real_top30,41.61731035649352,0.993593141587805,,False,False,1.0,80.659,0.0,fixed_grid_tile,0,336,640,796.4845,crop_phase_miss
8,000000241677.jpg,Tile,real_left30,41.61731035649352,0.993593141587805,,False,False,1.0,33.171,0.0,fixed_grid_tile,0,480,448,796.4845,crop_phase_miss
8,000000241677.jpg,Tile,real_center60,41.61731035649352,0.993593141587805,,False,False,1.0,33.514,0.0,fixed_grid_tile,0,288,384,796.4845,crop_phase_miss
8,000000241677.jpg,Tile,real_random30,41.61731035649352,0.993593141587805,,False,False,1.0,32.218,0.0,fixed_grid_tile,0,336,448,796.4845,crop_phase_miss
8,000000241677.jpg,Tile,real_top30_jpeg_q30,41.61731035649352,0.993593141587805,  ¢èãX ¢§ ÇÑZ,False,False,0.5,35.275,1.0,fixed_grid_tile,1,336,640,796.4845,crop_phase_miss
8,000000241677.jpg,Sync,closed_loop,40.5461070651781,0.9920938808122666,DCT_PRO_COPYRIGHT,True,True,0.0,60.959,1.0,fixed_grid_sync,15,480,640,796.4845,
8,000000241677.jpg,Sync,jpeg_q30,40.5461070651781,0.9920938808122666,,False,False,1.0,57.759,0.0,fixed_grid_sync,0,480,640,796.4845,sync_fail
8,000000241677.jpg,Sync,real_top30,40.5461070651781,0.9920938808122666,,False,False,1.0,38.887,0.0,fixed_grid_sync,0,336,640,796.4845,sync_fail
8,000000241677.jpg,Sync,real_left30,40.5461070651781,0.9920938808122666,,False,False,1.0,37.873,0.0,fixed_grid_sync,0,480,448,796.4845,sync_fail
8,000000241677.jpg,Sync,real_center60,40.5461070651781,0.9920938808122666,DCT_PRO_COPYRIGHT,True,True,0.0,23.524,1.0,fixed_grid_sync,6,288,384,796.4845,
8,000000241677.jpg,Sync,real_random30,40.5461070651781,0.9920938808122666,,False,False,1.0,20.868,0.0,fixed_grid_sync,0,336,448,796.4845,sync_fail
8,000000241677.jpg,Sync,real_top30_jpeg_q30,40.5461070651781,0.9920938808122666,,False,False,1.0,31.796,0.0,fixed_grid_sync,0,336,640,796.4845,sync_fail
8,000000241677.jpg,Full,closed_loop,37.724869477901954,0.9865931885914041,DCT_PRO_COPYRIGHT,True,True,0.0,6.908,1.0,robust_layer,0,480,640,796.4845,
8,000000241677.jpg,Full,jpeg_q30,37.724869477901954,0.9865931885914041,DCT_PRO_COPYRIGHT,True,True,0.0,38.396,0.997899,robust_layer,0,480,640,796.4845,
8,000000241677.jpg,Full,real_top30,37.724869477901954,0.9865931885914041,DCT_PRO_COPYRIGHT,True,True,0.0,1068.563,1.0,vote_merge,10,336,640,796.4845,
8,000000241677.jpg,Full,real_left30,37.724869477901954,0.9865931885914041,DCT_PRO_COPYRIGHT,True,True,0.0,872.424,1.0,vote_merge,9,480,448,796.4845,
8,000000241677.jpg,Full,real_center60,37.724869477901954,0.9865931885914041,DCT_PRO_COPYRIGHT,True,True,0.0,33.268,1.0,vote_merge,6,288,384,796.4845,
8,000000241677.jpg,Full,real_random30,37.724869477901954,0.9865931885914041,,False,False,1.0,725.746,0.0,phase_search_timeout,6,336,448,796.4845,crop_phase_miss
8,000000241677.jpg,Full,real_top30_jpeg_q30,37.724869477901954,0.9865931885914041,,False,False,1.0,746.448,0.0,phase_search_timeout,10,336,640,796.4845,crop_phase_miss
9,000000274066.jpg,Base,closed_loop,42.62607505173783,0.9939418799181079,DCT_PRO_COPYRIGHT,True,True,0.0,5.757,1.0,classic_dct,0,427,640,901.3745,
9,000000274066.jpg,Base,jpeg_q30,42.62607505173783,0.9939418799181079,,False,False,1.0,5.163,0.0,classic_dct,0,427,640,901.3745,sync_fail
9,000000274066.jpg,Base,real_top30,42.62607505173783,0.9939418799181079,,False,False,1.0,1.531,0.0,classic_dct,0,299,640,901.3745,crop_phase_miss
9,000000274066.jpg,Base,real_left30,42.62607505173783,0.9939418799181079,,False,False,1.0,1.199,0.0,classic_dct,0,427,448,901.3745,crop_phase_miss
9,000000274066.jpg,Base,real_center60,42.62607505173783,0.9939418799181079,,False,False,1.0,0.972,0.0,classic_dct,0,256,384,901.3745,crop_phase_miss
9,000000274066.jpg,Base,real_random30,42.62607505173783,0.9939418799181079,,False,False,1.0,1.25,0.0,classic_dct,0,299,448,901.3745,crop_phase_miss
9,000000274066.jpg,Base,real_top30_jpeg_q30,42.62607505173783,0.9939418799181079,,False,False,1.0,1.331,0.0,classic_dct,0,299,640,901.3745,crop_phase_miss
9,000000274066.jpg,JND,closed_loop,43.05492036255964,0.995683156540944,DCT_PRO_COPYRIGHT,True,True,0.0,5.587,1.0,classic_dct_jnd,0,427,640,901.3745,
9,000000274066.jpg,JND,jpeg_q30,43.05492036255964,0.995683156540944,,False,False,1.0,2.58,0.0,classic_dct_jnd,0,427,640,901.3745,sync_fail
9,000000274066.jpg,JND,real_top30,43.05492036255964,0.995683156540944,,False,False,1.0,2.021,0.0,classic_dct_jnd,0,299,640,901.3745,crop_phase_miss
9,000000274066.jpg,JND,real_left30,43.05492036255964,0.995683156540944,,False,False,1.0,2.77,0.0,classic_dct_jnd,0,427,448,901.3745,crop_phase_miss
9,000000274066.jpg,JND,real_center60,43.05492036255964,0.995683156540944,,False,False,1.0,1.403,0.0,classic_dct_jnd,0,256,384,901.3745,crop_phase_miss
9,000000274066.jpg,JND,real_random30,43.05492036255964,0.995683156540944,,False,False,1.0,0.863,0.0,classic_dct_jnd,0,299,448,901.3745,crop_phase_miss
9,000000274066.jpg,JND,real_top30_jpeg_q30,43.05492036255964,0.995683156540944,,False,False,1.0,1.024,0.0,classic_dct_jnd,0,299,640,901.3745,crop_phase_miss
9,000000274066.jpg,Tile_only,closed_loop,40.8980042677081,0.9878355707426401,DCT_PRO_COPYRIGHT,True,True,0.0,27.996,0.99888,fixed_grid_tile,15,427,640,901.3745,
9,000000274066.jpg,Tile_only,jpeg_q30,40.8980042677081,0.9878355707426401,,False,False,1.0,26.719,1.0,fixed_grid_tile,1,427,640,901.3745,sync_fail
9,000000274066.jpg,Tile_only,real_top30,40.8980042677081,0.9878355707426401,DCT_PRO_COPYRIGHT,True,True,0.0,15.825,0.998319,fixed_grid_tile,10,299,640,901.3745,
9,000000274066.jpg,Tile_only,real_left30,40.8980042677081,0.9878355707426401,,False,False,1.0,14.535,0.0,fixed_grid_tile,0,427,448,901.3745,crop_phase_miss
9,000000274066.jpg,Tile_only,real_center60,40.8980042677081,0.9878355707426401,,False,False,1.0,6.605,0.0,fixed_grid_tile,0,256,384,901.3745,crop_phase_miss
9,000000274066.jpg,Tile_only,real_random30,40.8980042677081,0.9878355707426401,,False,False,1.0,10.522,0.0,fixed_grid_tile,0,299,448,901.3745,crop_phase_miss
9,000000274066.jpg,Tile_only,real_top30_jpeg_q30,40.8980042677081,0.9878355707426401,,False,False,1.0,14.631,1.0,fixed_grid_tile,1,299,640,901.3745,crop_phase_miss
9,000000274066.jpg,Tile,closed_loop,41.63785578257005,0.9923248376601158,DCT_PRO_COPYRIGHT,True,True,0.0,92.806,1.0,fixed_grid_tile,15,427,640,901.3745,
9,000000274066.jpg,Tile,jpeg_q30,41.63785578257005,0.9923248376601158,,False,False,1.0,117.416,1.0,fixed_grid_tile,1,427,640,901.3745,sync_fail
9,000000274066.jpg,Tile,real_top30,41.63785578257005,0.9923248376601158,DCT_PRO_COPYRIGHT,True,True,0.0,76.367,1.0,fixed_grid_tile,10,299,640,901.3745,
9,000000274066.jpg,Tile,real_left30,41.63785578257005,0.9923248376601158,,False,False,1.0,49.609,0.0,fixed_grid_tile,0,427,448,901.3745,crop_phase_miss
9,000000274066.jpg,Tile,real_center60,41.63785578257005,0.9923248376601158,,False,False,1.0,49.344,0.0,fixed_grid_tile,0,256,384,901.3745,crop_phase_miss
9,000000274066.jpg,Tile,real_random30,41.63785578257005,0.9923248376601158,,False,False,1.0,35.945,0.0,fixed_grid_tile,0,299,448,901.3745,crop_phase_miss
9,000000274066.jpg,Tile,real_top30_jpeg_q30,41.63785578257005,0.9923248376601158,,False,False,1.0,46.69,1.0,fixed_grid_tile,1,299,640,901.3745,crop_phase_miss
9,000000274066.jpg,Sync,closed_loop,40.63942034594401,0.9907808305517963,DCT_PRO_COPYRIGHT,True,True,0.0,52.313,1.0,fixed_grid_sync,15,427,640,901.3745,
9,000000274066.jpg,Sync,jpeg_q30,40.63942034594401,0.9907808305517963,,False,False,1.0,46.415,0.0,fixed_grid_sync,0,427,640,901.3745,sync_fail
9,000000274066.jpg,Sync,real_top30,40.63942034594401,0.9907808305517963,DCT_PRO_COPYRIGHT,True,True,0.0,35.072,1.0,fixed_grid_sync,10,299,640,901.3745,
9,000000274066.jpg,Sync,real_left30,40.63942034594401,0.9907808305517963,,False,False,1.0,73.879,0.0,fixed_grid_sync,0,427,448,901.3745,sync_fail
9,000000274066.jpg,Sync,real_center60,40.63942034594401,0.9907808305517963,,False,False,1.0,49.383,0.0,fixed_grid_sync,0,256,384,901.3745,sync_fail
9,000000274066.jpg,Sync,real_random30,40.63942034594401,0.9907808305517963,,False,False,1.0,38.649,0.0,fixed_grid_sync,0,299,448,901.3745,sync_fail
9,000000274066.jpg,Sync,real_top30_jpeg_q30,40.63942034594401,0.9907808305517963,,False,False,1.0,56.336,0.0,fixed_grid_sync,0,299,640,901.3745,sync_fail
9,000000274066.jpg,Full,closed_loop,37.48688318996475,0.9810293456420813,DCT_PRO_COPYRIGHT,True,True,0.0,5.266,1.0,robust_layer,0,427,640,901.3745,
9,000000274066.jpg,Full,jpeg_q30,37.48688318996475,0.9810293456420813,DCT_PRO_COPYRIGHT,True,True,0.0,9.053,0.989496,robust_layer,0,427,640,901.3745,
9,000000274066.jpg,Full,real_top30,37.48688318996475,0.9810293456420813,DCT_PRO_COPYRIGHT,True,True,0.0,50.507,1.0,vote_merge,10,299,640,901.3745,
9,000000274066.jpg,Full,real_left30,37.48688318996475,0.9810293456420813,DCT_PRO_COPYRIGHT,True,True,0.0,919.656,1.0,vote_merge,9,427,448,901.3745,
9,000000274066.jpg,Full,real_center60,37.48688318996475,0.9810293456420813,,False,False,1.0,777.19,0.0,phase_search_timeout,6,256,384,901.3745,crop_phase_miss
9,000000274066.jpg,Full,real_random30,37.48688318996475,0.9810293456420813,,False,False,1.0,733.349,0.0,phase_search_timeout,6,299,448,901.3745,crop_phase_miss
9,000000274066.jpg,Full,real_top30_jpeg_q30,37.48688318996475,0.9810293456420813,,False,False,1.0,749.531,0.0,phase_search_timeout,10,299,640,901.3745,crop_phase_miss
10,000000303893.jpg,Base,closed_loop,43.393151709622806,0.9947199024079452,DCT_PRO_COPYRIGHT,True,True,0.0,8.057,1.0,classic_dct,0,427,640,670.1135,
10,000000303893.jpg,Base,jpeg_q30,43.393151709622806,0.9947199024079452,"DCT_PRO_COPYRIGHT·îbæì ×:íýs 
f   1Ñ$ Ý Cd±áq¼ /  Ö¸R«ß	£äø'î¯mJõã`+F ³L ò    D`XÜ #`Ã¸´DCT_PRO_COPYRIGHT·îbæì ×:íýs 
f   1Ñ$ Ý Cd±áq¼ /  Ö¸R«ß	£äø'î¯mJõã`+F ³L ò    D`XÜ #`Ã¸´DCT_PRO_COPYRIGHT·îbæì ×:íýs 
f   1Ñ$ Ý Cd±áq¼ /  Ö¸R«ß	£äø'î¯mJõã`+F ³L ò    D`XÜ #`Ã¸´DCT_PRO_COPYRIGHT·îbæì ×:íýs 
f   1Ñ$ Ý Cd±áq¼ /  Ö¸R«ß	£äø'î¯mJõã`+F ³L ò    D`XÜ #`Ã¸´DCT_PRO_COPYRIGHT·îbæì ×:íýs 
f   1Ñ$ Ý Cd±áq¼ /  Ö¸R«ß	£äø'î¯mJõã`+F ³L ò    D`XÜ #`Ã¸´DCT_PRO_COPYRIGHT·îbæì ×:íýs 
f   1Ñ$ Ý Cd±áq¼ /  Ö¸R«ß	£äø'î¯mJõã`+F ³L ò    D`XÜ #`Ã¸´DCT_PRO_COPYRIGHT·îbæì ×:íýs 
f   1Ñ$ Ý Cd±áq¼ /  Ö¸R«ß	£äø'î¯mJõã`+F ³L ò    D`XÜ #`Ã¸´DCT_PRO_COPYRIGHT·îbæì ×:íýs 
f   1Ñ$ Ý Cd±áq¼ /  Ö¸R«ß	£äø'î¯mJõã`+F ³L ò    D`XÜ #`Ã¸´DCT_PRO_COPYRIGHT·îbæì ×:íýs 
f   1Ñ$ Ý Cd±áq¼ /  Ö¸R«ß	£äø'î¯mJõã`+F ³L ò    D`XÜ #`Ã¸´DCT_PRO_COPYRIGHT·îbæì ×:íýs 
f   1Ñ$ Ý Cd±áq¼ /  Ö¸R«ß	£äø'î¯mJõã`+F ³L ò    D`XÜ #`Ã¸´DCT_PRO_COPYRIGHT·îbæì ×:íýs 
f   1Ñ$ Ý Cd±áq¼ /  Ö¸R«ß	£äø'î¯mJõã`+F ³L ò    D`XÜ #`Ã¸´DCT_PRO_COPYRIGHT·îbæì ×:íýs 
f   1Ñ$ Ý Cd±áq¼ /  Ö¸R«ß	£äø'î¯mJõã`+F ³L ò    D`XÜ #`Ã¸´DCT_PRO_COPYRIGHT·îbæì ×:íýs 
f   1Ñ$ Ý Cd±áq¼ /  Ö¸R«ß	£äø'î¯mJõã`+F ³L ò    D`XÜ #`Ã¸´DCT_PRO_COPYRIGHT·îbæì ×:íýs 
f   1Ñ$ Ý Cd±áq¼ /  Ö¸R«ß	£äø'î¯mJõã`+F ³L ò    D`XÜ #`Ã¸´DCT_PRO_COPYRIGHT·îbæì ×:íýs 
f   1Ñ$ Ý Cd±áq¼ /  Ö¸R«ß	£äø'î¯mJõã`+F ³L ò    D`XÜ #`Ã¸´DCT_PRO_COPYRIGHT·îbæì ×:íýs 
f   1Ñ$ Ý Cd±áq¼ /  Ö¸R«ß	£äø'î¯mJõã`+F ³L ò    D`XÜ #`Ã¸´DCT_PRO_COPYRIGHT·îbæì ×:íýs 
f   1Ñ$ Ý Cd±áq¼ /  Ö¸R«ß	£äø'î¯mJõã`+F ³L ò    D`XÜ #`Ã¸´DCT_PRO_COPYRIGHT·îbæì ×:íýs 
f   1Ñ$ Ý Cd±áq¼ /  Ö¸R«ß	£äø'î¯mJõã`+F ³L ò    D`XÜ #`Ã¸´DCT_PRO_COPYRIGHT·îbæì ×:íýs 
f   1Ñ$ Ý Cd±áq¼ /  Ö¸R«ß	£äø'î¯mJõã`+F ³L ò    D`XÜ #`Ã¸´DCT_PRO_COPYRIGHT·îbæì ×:íýs 
f   1Ñ$ Ý Cd±áq¼ /  Ö¸R«ß	£äø'î¯mJõã`+F ³L ò    D`XÜ #`Ã¸´DCT_PRO_COPYRIGHT·îbæì ×:íýs 
f   1Ñ$ Ý Cd±áq¼ /  Ö¸R«ß	£äø'î¯mJõã`+F ³L ò    D`XÜ #`Ã¸´DCT_PRO_COPYRIGHT·îbæì ×:íýs 
f   1Ñ$ Ý Cd±áq¼ /  Ö¸R«ß	£äø'î¯mJõã`+F ³L ò    D`XÜ #`Ã¸´DCT_PRO_COPYRIGHT·îbæì ×:íýs 
f   1Ñ$ Ý Cd±áq¼ /  Ö¸R«ß	£äø'î¯mJõã`+F ³L ò    D`XÜ #`Ã¸´DCT_PRO_COPYRIGHT·îbæì ×:íýs 
f   1Ñ$ Ý Cd±áq¼ /  Ö¸R«ß	£äø'î¯mJõã`+F ³L ò    D`XÜ #`Ã¸´DCT_PRO_COPYRIGHT·îbæì ×:íýs 
f   1Ñ$ Ý Cd±áq¼ /  Ö¸R«ß	£äø'î¯mJõã`+F ³L ò    D`XÜ #`Ã¸´DCT_PRO_COPYRIGHT·îbæì ×:íýs 
f   1Ñ$ Ý Cd±áq¼ /  Ö¸R«ß	£äø'î¯mJõã`+F ³L ò    D`XÜ #`Ã¸´DCT_PRO_COPYRIGHT·îbæì ×:íýs 
f   1Ñ$ Ý Cd±áq¼ /  Ö¸R«ß	£äø'î¯mJõã`+F ³L ò    D`XÜ #`Ã¸´DCT_PRO_COPYRIGHT·îbæì ×:íýs 
f   1Ñ$ Ý Cd±áq¼ /  Ö¸R«ß	£äø'î¯mJõã`+F ³L ò    D`XÜ #`Ã¸´DCT_PRO_COPYRIGHT·îbæì ×:íýs 
f   1Ñ$ Ý Cd±áq¼ /  Ö¸R«ß	£äø'î¯mJõã`+F ³L ò    D`XÜ #`Ã¸´DCT_PRO_COPYRIGHT·îbæì ×:íýs 
f   1Ñ$ Ý Cd±áq¼ /  Ö¸R«ß	£äø'î¯mJõã`+F ³L ò    D`XÜ #`Ã¸´DCT_PRO_COPYRIGHT·îbæì ×:íýs 
f   1Ñ$ Ý Cd±áq¼ /  Ö¸R«ß	£äø'î¯mJõã`+F ³L ò    D`XÜ #`Ã¸´DCT_PRO",False,False,0.421658,766.771,1.0,classic_dct,0,427,640,670.1135,payload_crc_fail
10,000000303893.jpg,Base,real_top30,43.393151709622806,0.9947199024079452,,False,False,1.0,3.586,0.0,classic_dct,0,299,640,670.1135,crop_phase_miss
10,000000303893.jpg,Base,real_left30,43.393151709622806,0.9947199024079452,,False,False,1.0,2.682,0.0,classic_dct,0,427,448,670.1135,crop_phase_miss
10,000000303893.jpg,Base,real_center60,43.393151709622806,0.9947199024079452,,False,False,1.0,1.631,0.0,classic_dct,0,256,384,670.1135,crop_phase_miss
10,000000303893.jpg,Base,real_random30,43.393151709622806,0.9947199024079452,,False,False,1.0,84.543,0.0,classic_dct,0,299,448,670.1135,crop_phase_miss
10,000000303893.jpg,Base,real_top30_jpeg_q30,43.393151709622806,0.9947199024079452,,False,False,1.0,10.158,0.0,classic_dct,0,299,640,670.1135,crop_phase_miss
10,000000303893.jpg,JND,closed_loop,43.82996898971296,0.9961222091356464,DCT_PRO_COPYRIGHT,True,True,0.0,22.923,1.0,classic_dct_jnd,0,427,640,670.1135,
10,000000303893.jpg,JND,jpeg_q30,43.82996898971296,0.9961222091356464,"DCT_PRN COXYRIGHT·îbæì ×:íýs 
f   1Ñ$ Ý Cd±áq¼ /  Ö¸R«ß	£äø'î¯mJõã`+F ³L ò    D`XÜ #`Ã¸´DCT_PRN COXYRIGHT·îbæì ×:íýs 
f   1Ñ$ Ý Cd±áq¼ /  Ö¸R«ß	£äø'î¯mJõã`+F ³L ò    D`XÜ #`Ã¸´DCT_PRN COXYRIGHT·îbæì ×:íýs 
f   1Ñ$ Ý Cd±áq¼ /  Ö¸R«ß	£äø'î¯mJõã`+F ³L ò    D`XÜ #`Ã¸´DCT_PRN COXYRIGHT·îbæì ×:íýs 
f   1Ñ$ Ý Cd±áq¼ /  Ö¸R«ß	£äø'î¯mJõã`+F ³L ò    D`XÜ #`Ã¸´DCT_PRN COXYRIGHT·îbæì ×:íýs 
f   1Ñ$ Ý Cd±áq¼ /  Ö¸R«ß	£äø'î¯mJõã`+F ³L ò    D`XÜ #`Ã¸´DCT_PRN COXYRIGHT·îbæì ×:íýs 
f   1Ñ$ Ý Cd±áq¼ /  Ö¸R«ß	£äø'î¯mJõã`+F ³L ò    D`XÜ #`Ã¸´DCT_PRN COXYRIGHT·îbæì ×:íýs 
f   1Ñ$ Ý Cd±áq¼ /  Ö¸R«ß	£äø'î¯mJõã`+F ³L ò    D`XÜ #`Ã¸´DCT_PRN COXYRIGHT·îbæì ×:íýs 
f   1Ñ$ Ý Cd±áq¼ /  Ö¸R«ß	£äø'î¯mJõã`+F ³L ò    D`XÜ #`Ã¸´DCT_PRN COXYRIGHT·îbæì ×:íýs 
f   1Ñ$ Ý Cd±áq¼ /  Ö¸R«ß	£äø'î¯mJõã`+F ³L ò    D`XÜ #`Ã¸´DCT_PRN COXYRIGHT·îbæì ×:íýs 
f   1Ñ$ Ý Cd±áq¼ /  Ö¸R«ß	£äø'î¯mJõã`+F ³L ò    D`XÜ #`Ã¸´DCT_PRN COXYRIGHT·îbæì ×:íýs 
f   1Ñ$ Ý Cd±áq¼ /  Ö¸R«ß	£äø'î¯mJõã`+F ³L ò    D`XÜ #`Ã¸´DCT_PRN COXYRIGHT·îbæì ×:íýs 
f   1Ñ$ Ý Cd±áq¼ /  Ö¸R«ß	£äø'î¯mJõã`+F ³L ò    D`XÜ #`Ã¸´DCT_PRN COXYRIGHT·îbæì ×:íýs 
f   1Ñ$ Ý Cd±áq¼ /  Ö¸R«ß	£äø'î¯mJõã`+F ³L ò    D`XÜ #`Ã¸´DCT_PRN COXYRIGHT·îbæì ×:íýs 
f   1Ñ$ Ý Cd±áq¼ /  Ö¸R«ß	£äø'î¯mJõã`+F ³L ò    D`XÜ #`Ã¸´DCT_PRN COXYRIGHT·îbæì ×:íýs 
f   1Ñ$ Ý Cd±áq¼ /  Ö¸R«ß	£äø'î¯mJõã`+F ³L ò    D`XÜ #`Ã¸´DCT_PRN COXYRIGHT·îbæì ×:íýs 
f   1Ñ$ Ý Cd±áq¼ /  Ö¸R«ß	£äø'î¯mJõã`+F ³L ò    D`XÜ #`Ã¸´DCT_PRN COXYRIGHT·îbæì ×:íýs 
f   1Ñ$ Ý Cd±áq¼ /  Ö¸R«ß	£äø'î¯mJõã`+F ³L ò    D`XÜ #`Ã¸´DCT_PRN COXYRIGHT·îbæì ×:íýs 
f   1Ñ$ Ý Cd±áq¼ /  Ö¸R«ß	£äø'î¯mJõã`+F ³L ò    D`XÜ #`Ã¸´DCT_PRN COXYRIGHT·îbæì ×:íýs 
f   1Ñ$ Ý Cd±áq¼ /  Ö¸R«ß	£äø'î¯mJõã`+F ³L ò    D`XÜ #`Ã¸´DCT_PRN COXYRIGHT·îbæì ×:íýs 
f   1Ñ$ Ý Cd±áq¼ /  Ö¸R«ß	£äø'î¯mJõã`+F ³L ò    D`XÜ #`Ã¸´DCT_PRN COXYRIGHT·îbæì ×:íýs 
f   1Ñ$ Ý Cd±áq¼ /  Ö¸R«ß	£äø'î¯mJõã`+F ³L ò    D`XÜ #`Ã¸´DCT_PRN COXYRIGHT·îbæì ×:íýs 
f   1Ñ$ Ý Cd±áq¼ /  Ö¸R«ß	£äø'î¯mJõã`+F ³L ò    D`XÜ #`Ã¸´DCT_PRN COXYRIGHT·îbæì ×:íýs 
f   1Ñ$ Ý Cd±áq¼ /  Ö¸R«ß	£äø'î¯mJõã`+F ³L ò    D`XÜ #`Ã¸´DCT_PRN COXYRIGHT·îbæì ×:íýs 
f   1Ñ$ Ý Cd±áq¼ /  Ö¸R«ß	£äø'î¯mJõã`+F ³L ò    D`XÜ #`Ã¸´DCT_PRN COXYRIGHT·îbæì ×:íýs 
f   1Ñ$ Ý Cd±áq¼ /  Ö¸R«ß	£äø'î¯mJõã`+F ³L ò    D`XÜ #`Ã¸´DCT_PRN COXYRIGHT·îbæì ×:íýs 
f   1Ñ$ Ý Cd±áq¼ /  Ö¸R«ß	£äø'î¯mJõã`+F ³L ò    D`XÜ #`Ã¸´DCT_PRN COXYRIGHT·îbæì ×:íýs 
f   1Ñ$ Ý Cd±áq¼ /  Ö¸R«ß	£äø'î¯mJõã`+F ³L ò    D`XÜ #`Ã¸´DCT_PRN COXYRIGHT·îbæì ×:íýs 
f   1Ñ$ Ý Cd±áq¼ /  Ö¸R«ß	£äø'î¯mJõã`+F ³L ò    D`XÜ #`Ã¸´DCT_PRN COXYRIGHT·îbæì ×:íýs 
f   1Ñ$ Ý Cd±áq¼ /  Ö¸R«ß	£äø'î¯mJõã`+F ³L ò    D`XÜ #`Ã¸´DCT_PRN COXYRIGHT·îbæì ×:íýs 
f   1Ñ$ Ý Cd±áq¼ /  Ö¸R«ß	£äø'î¯mJõã`+F ³L ò    D`XÜ #`Ã¸´DCT_PRN COXYRIGHT·îbæì ×:íýs 
f   1Ñ$ Ý Cd±áq¼ /  Ö¸R«ß	£äø'î¯mJõã`+F ³L ò    D`XÜ #`Ã¸´DCT_PRN",False,False,0.420921,882.1,1.0,classic_dct_jnd,0,427,640,670.1135,payload_crc_fail
10,000000303893.jpg,JND,real_top30,43.82996898971296,0.9961222091356464,,False,False,1.0,2.276,0.0,classic_dct_jnd,0,299,640,670.1135,crop_phase_miss
10,000000303893.jpg,JND,real_left30,43.82996898971296,0.9961222091356464,,False,False,1.0,1.879,0.0,classic_dct_jnd,0,427,448,670.1135,crop_phase_miss
10,000000303893.jpg,JND,real_center60,43.82996898971296,0.9961222091356464,,False,False,1.0,3.664,0.0,classic_dct_jnd,0,256,384,670.1135,crop_phase_miss
10,000000303893.jpg,JND,real_random30,43.82996898971296,0.9961222091356464,,False,False,1.0,1.235,0.0,classic_dct_jnd,0,299,448,670.1135,crop_phase_miss
10,000000303893.jpg,JND,real_top30_jpeg_q30,43.82996898971296,0.9961222091356464,,False,False,1.0,1.383,0.0,classic_dct_jnd,0,299,640,670.1135,crop_phase_miss
10,000000303893.jpg,Tile_only,closed_loop,40.77996754652615,0.9901408066675119,DCT_PRO_COPYRIGHT,True,True,0.0,31.033,1.0,fixed_grid_tile,15,427,640,670.1135,
10,000000303893.jpg,Tile_only,jpeg_q30,40.77996754652615,0.9901408066675119,s.@D2§ôx.yå   ,False,False,0.458333,26.722,1.0,fixed_grid_tile,2,427,640,670.1135,payload_crc_fail
10,000000303893.jpg,Tile_only,real_top30,40.77996754652615,0.9901408066675119,DCT_PRO_COPYRIGHT,True,True,0.0,15.645,1.0,fixed_grid_tile,10,299,640,670.1135,
10,000000303893.jpg,Tile_only,real_left30,40.77996754652615,0.9901408066675119,,False,False,1.0,16.256,0.0,fixed_grid_tile,0,427,448,670.1135,crop_phase_miss
10,000000303893.jpg,Tile_only,real_center60,40.77996754652615,0.9901408066675119,,False,False,1.0,12.411,0.0,fixed_grid_tile,0,256,384,670.1135,crop_phase_miss
10,000000303893.jpg,Tile_only,real_random30,40.77996754652615,0.9901408066675119,"ä.,ÀWX #",False,False,0.455882,8.425,1.0,fixed_grid_tile,1,299,448,670.1135,crop_phase_miss
10,000000303893.jpg,Tile_only,real_top30_jpeg_q30,40.77996754652615,0.9901408066675119,s.@D2§ôx.yå   ,False,False,0.458333,20.329,1.0,fixed_grid_tile,2,299,640,670.1135,crop_phase_miss
10,000000303893.jpg,Tile,closed_loop,41.1932666886964,0.9927794298029801,DCT_PRO_COPYRIGHT,True,True,0.0,21.764,1.0,fixed_grid_tile,15,427,640,670.1135,
10,000000303893.jpg,Tile,jpeg_q30,41.1932666886964,0.9927794298029801,s.H :£ôx6yå   ,False,False,0.472222,22.952,1.0,fixed_grid_tile,1,427,640,670.1135,payload_crc_fail
10,000000303893.jpg,Tile,real_top30,41.1932666886964,0.9927794298029801,DCT_PRO_COPYRIGHT,True,True,0.0,15.417,1.0,fixed_grid_tile,10,299,640,670.1135,
10,000000303893.jpg,Tile,real_left30,41.1932666886964,0.9927794298029801,,False,False,1.0,16.644,0.0,fixed_grid_tile,0,427,448,670.1135,crop_phase_miss
10,000000303893.jpg,Tile,real_center60,41.1932666886964,0.9927794298029801,,False,False,1.0,12.391,0.0,fixed_grid_tile,0,256,384,670.1135,crop_phase_miss
10,000000303893.jpg,Tile,real_random30,41.1932666886964,0.9927794298029801,,False,False,1.0,11.656,0.0,fixed_grid_tile,0,299,448,670.1135,crop_phase_miss
10,000000303893.jpg,Tile,real_top30_jpeg_q30,41.1932666886964,0.9927794298029801,s.H :£ôx6yå   ,False,False,0.472222,21.138,1.0,fixed_grid_tile,1,299,640,670.1135,crop_phase_miss
10,000000303893.jpg,Sync,closed_loop,40.56968213470366,0.9910044044806593,DCT_PRO_COPYRIGHT,True,True,0.0,225.282,1.0,fixed_grid_sync,15,427,640,670.1135,
10,000000303893.jpg,Sync,jpeg_q30,40.56968213470366,0.9910044044806593,,False,False,1.0,179.516,0.0,fixed_grid_sync,0,427,640,670.1135,sync_fail
10,000000303893.jpg,Sync,real_top30,40.56968213470366,0.9910044044806593,DCT_PRO_COPYRIGHT,True,True,0.0,116.902,1.0,fixed_grid_sync,10,299,640,670.1135,
10,000000303893.jpg,Sync,real_left30,40.56968213470366,0.9910044044806593,,False,False,1.0,51.869,0.0,fixed_grid_sync,0,427,448,670.1135,sync_fail
10,000000303893.jpg,Sync,real_center60,40.56968213470366,0.9910044044806593,,False,False,1.0,44.841,0.0,fixed_grid_sync,0,256,384,670.1135,sync_fail
10,000000303893.jpg,Sync,real_random30,40.56968213470366,0.9910044044806593,,False,False,1.0,52.846,0.0,fixed_grid_sync,0,299,448,670.1135,sync_fail
10,000000303893.jpg,Sync,real_top30_jpeg_q30,40.56968213470366,0.9910044044806593,,False,False,1.0,122.017,0.0,fixed_grid_sync,0,299,640,670.1135,sync_fail
10,000000303893.jpg,Full,closed_loop,38.420981931828806,0.9809066301153672,DCT_PRO_COPYRIGHT,True,True,0.0,8.871,0.997899,robust_layer,0,427,640,670.1135,
10,000000303893.jpg,Full,jpeg_q30,38.420981931828806,0.9809066301153672,DCT_PRO_COPYRIGHT,True,True,0.0,11.154,0.968487,robust_layer,0,427,640,670.1135,
10,000000303893.jpg,Full,real_top30,38.420981931828806,0.9809066301153672,DCT_PRO_COPYRIGHT,True,True,0.0,40.387,1.0,vote_merge,10,299,640,670.1135,
10,000000303893.jpg,Full,real_left30,38.420981931828806,0.9809066301153672,DCT_PRO_COPYRIGHT,True,True,0.0,827.525,1.0,vote_merge,9,427,448,670.1135,
10,000000303893.jpg,Full,real_center60,38.420981931828806,0.9809066301153672,,False,False,1.0,793.331,0.0,phase_search_timeout,6,256,384,670.1135,crop_phase_miss
10,000000303893.jpg,Full,real_random30,38.420981931828806,0.9809066301153672,,False,False,1.0,772.065,0.0,phase_search_timeout,6,299,448,670.1135,crop_phase_miss
10,000000303893.jpg,Full,real_top30_jpeg_q30,38.420981931828806,0.9809066301153672,,False,False,1.0,750.852,0.0,phase_search_timeout,10,299,640,670.1135,crop_phase_miss
11,000000335328.jpg,Base,closed_loop,44.22708340590415,0.9949375618031119,DCT_PRO_COPYRIGHT,True,True,0.0,6.091,1.0,classic_dct,0,640,512,659.2562,
11,000000335328.jpg,Base,jpeg_q30,44.22708340590415,0.9949375618031119,,False,False,1.0,3.339,0.0,classic_dct,0,640,512,659.2562,sync_fail
11,000000335328.jpg,Base,real_top30,44.22708340590415,0.9949375618031119,,False,False,1.0,2.764,0.0,classic_dct,0,448,512,659.2562,crop_phase_miss
11,000000335328.jpg,Base,real_left30,44.22708340590415,0.9949375618031119,,False,False,1.0,3.8,0.0,classic_dct,0,640,358,659.2562,crop_phase_miss
11,000000335328.jpg,Base,real_center60,44.22708340590415,0.9949375618031119,,False,False,1.0,1.106,0.0,classic_dct,0,384,307,659.2562,crop_phase_miss
11,000000335328.jpg,Base,real_random30,44.22708340590415,0.9949375618031119,,False,False,1.0,1.233,0.0,classic_dct,0,448,358,659.2562,crop_phase_miss
11,000000335328.jpg,Base,real_top30_jpeg_q30,44.22708340590415,0.9949375618031119,,False,False,1.0,2.248,0.0,classic_dct,0,448,512,659.2562,crop_phase_miss
11,000000335328.jpg,JND,closed_loop,44.77392669206527,0.9966009191856849,DCT_PRO_COPYRIGHT,True,True,0.0,10.812,1.0,classic_dct_jnd,0,640,512,659.2562,
11,000000335328.jpg,JND,jpeg_q30,44.77392669206527,0.9966009191856849,,False,False,1.0,2.769,0.0,classic_dct_jnd,0,640,512,659.2562,sync_fail
11,000000335328.jpg,JND,real_top30,44.77392669206527,0.9966009191856849,,False,False,1.0,2.333,0.0,classic_dct_jnd,0,448,512,659.2562,crop_phase_miss
11,000000335328.jpg,JND,real_left30,44.77392669206527,0.9966009191856849,,False,False,1.0,2.233,0.0,classic_dct_jnd,0,640,358,659.2562,crop_phase_miss
11,000000335328.jpg,JND,real_center60,44.77392669206527,0.9966009191856849,,False,False,1.0,1.908,0.0,classic_dct_jnd,0,384,307,659.2562,crop_phase_miss
11,000000335328.jpg,JND,real_random30,44.77392669206527,0.9966009191856849,,False,False,1.0,1.695,0.0,classic_dct_jnd,0,448,358,659.2562,crop_phase_miss
11,000000335328.jpg,JND,real_top30_jpeg_q30,44.77392669206527,0.9966009191856849,,False,False,1.0,8.793,0.0,classic_dct_jnd,0,448,512,659.2562,crop_phase_miss
11,000000335328.jpg,Tile_only,closed_loop,40.16229074481741,0.9843995115937544,DCT_PRO_COPYRIGHT,True,True,0.0,25.236,1.0,fixed_grid_tile,20,640,512,659.2562,
11,000000335328.jpg,Tile_only,jpeg_q30,40.16229074481741,0.9843995115937544,,False,False,1.0,25.144,1.0,fixed_grid_tile,2,640,512,659.2562,sync_fail
11,000000335328.jpg,Tile_only,real_top30,40.16229074481741,0.9843995115937544,,False,False,1.0,19.459,0.0,fixed_grid_tile,0,448,512,659.2562,crop_phase_miss
11,000000335328.jpg,Tile_only,real_left30,40.16229074481741,0.9843995115937544,,False,False,1.0,16.497,0.0,fixed_grid_tile,0,640,358,659.2562,crop_phase_miss
11,000000335328.jpg,Tile_only,real_center60,40.16229074481741,0.9843995115937544,,False,False,1.0,14.611,0.0,fixed_grid_tile,0,384,307,659.2562,crop_phase_miss
11,000000335328.jpg,Tile_only,real_random30,40.16229074481741,0.9843995115937544,,False,False,1.0,8.407,0.0,fixed_grid_tile,0,448,358,659.2562,crop_phase_miss
11,000000335328.jpg,Tile_only,real_top30_jpeg_q30,40.16229074481741,0.9843995115937544,,False,False,1.0,25.172,0.0,fixed_grid_tile,0,448,512,659.2562,crop_phase_miss
11,000000335328.jpg,Tile,closed_loop,40.740263673873656,0.9906323827867868,DCT_PRO_COPYRIGHT,True,True,0.0,60.755,1.0,fixed_grid_tile,20,640,512,659.2562,
11,000000335328.jpg,Tile,jpeg_q30,40.740263673873656,0.9906323827867868,ÿH6]Ô  °Lã ,False,False,0.439815,47.687,1.0,fixed_grid_tile,2,640,512,659.2562,payload_crc_fail
11,000000335328.jpg,Tile,real_top30,40.740263673873656,0.9906323827867868,,False,False,1.0,24.155,0.0,fixed_grid_tile,0,448,512,659.2562,crop_phase_miss
11,000000335328.jpg,Tile,real_left30,40.740263673873656,0.9906323827867868,,False,False,1.0,15.931,0.0,fixed_grid_tile,0,640,358,659.2562,crop_phase_miss
11,000000335328.jpg,Tile,real_center60,40.740263673873656,0.9906323827867868,,False,False,1.0,8.67,0.0,fixed_grid_tile,0,384,307,659.2562,crop_phase_miss
11,000000335328.jpg,Tile,real_random30,40.740263673873656,0.9906323827867868,,False,False,1.0,11.773,0.0,fixed_grid_tile,0,448,358,659.2562,crop_phase_miss
11,000000335328.jpg,Tile,real_top30_jpeg_q30,40.740263673873656,0.9906323827867868,,False,False,1.0,15.598,0.0,fixed_grid_tile,0,448,512,659.2562,crop_phase_miss
11,000000335328.jpg,Sync,closed_loop,40.36959961126791,0.9891143899373999,DCT_PRO_COPYRIGHT,True,True,0.0,60.373,1.0,fixed_grid_sync,20,640,512,659.2562,
11,000000335328.jpg,Sync,jpeg_q30,40.36959961126791,0.9891143899373999,,False,False,1.0,64.919,0.0,fixed_grid_sync,0,640,512,659.2562,sync_fail
11,000000335328.jpg,Sync,real_top30,40.36959961126791,0.9891143899373999,,False,False,1.0,32.859,0.0,fixed_grid_sync,0,448,512,659.2562,sync_fail
11,000000335328.jpg,Sync,real_left30,40.36959961126791,0.9891143899373999,,False,False,1.0,32.661,0.0,fixed_grid_sync,0,640,358,659.2562,sync_fail
11,000000335328.jpg,Sync,real_center60,40.36959961126791,0.9891143899373999,,False,False,1.0,20.717,0.0,fixed_grid_sync,0,384,307,659.2562,sync_fail
11,000000335328.jpg,Sync,real_random30,40.36959961126791,0.9891143899373999,,False,False,1.0,20.72,0.0,fixed_grid_sync,0,448,358,659.2562,sync_fail
11,000000335328.jpg,Sync,real_top30_jpeg_q30,40.36959961126791,0.9891143899373999,,False,False,1.0,39.637,0.0,fixed_grid_sync,0,448,512,659.2562,sync_fail
11,000000335328.jpg,Full,closed_loop,37.696004354611546,0.9801915205008743,DCT_PRO_COPYRIGHT,True,True,0.0,10.042,1.0,robust_layer,0,640,512,659.2562,
11,000000335328.jpg,Full,jpeg_q30,37.696004354611546,0.9801915205008743,DCT_PRO_COPYRIGHT,True,True,0.0,9.817,0.998133,robust_layer,0,640,512,659.2562,
11,000000335328.jpg,Full,real_top30,37.696004354611546,0.9801915205008743,DCT_PRO_COPYRIGHT,True,True,0.0,763.486,1.0,vote_merge,12,448,512,659.2562,
11,000000335328.jpg,Full,real_left30,37.696004354611546,0.9801915205008743,,False,False,1.0,808.808,0.0,phase_search_timeout,10,640,358,659.2562,crop_phase_miss
11,000000335328.jpg,Full,real_center60,37.696004354611546,0.9801915205008743,,False,False,1.0,720.86,0.0,phase_search_timeout,6,384,307,659.2562,crop_phase_miss
11,000000335328.jpg,Full,real_random30,37.696004354611546,0.9801915205008743,,False,False,1.0,723.105,0.0,phase_search_timeout,6,448,358,659.2562,crop_phase_miss
11,000000335328.jpg,Full,real_top30_jpeg_q30,37.696004354611546,0.9801915205008743,,False,False,1.0,1558.708,1.0,vote_merge,12,448,512,659.2562,sync_fail
12,000000365208.jpg,Base,closed_loop,45.065169791751025,0.9947433445315615,DCT_PRO_COPYRIGHT,True,True,0.0,8.999,1.0,classic_dct,0,640,603,563.0829,
12,000000365208.jpg,Base,jpeg_q30,45.065169791751025,0.9947433445315615,DCT_PRO_COPYRIGHT,True,True,0.0,8.351,1.0,classic_dct,0,640,603,563.0829,
12,000000365208.jpg,Base,real_top30,45.065169791751025,0.9947433445315615,,False,False,1.0,3.727,0.0,classic_dct,0,448,603,563.0829,crop_phase_miss
12,000000365208.jpg,Base,real_left30,45.065169791751025,0.9947433445315615,,False,False,1.0,2.47,0.0,classic_dct,0,640,422,563.0829,crop_phase_miss
12,000000365208.jpg,Base,real_center60,45.065169791751025,0.9947433445315615,,False,False,1.0,1.464,0.0,classic_dct,0,384,362,563.0829,crop_phase_miss
12,000000365208.jpg,Base,real_random30,45.065169791751025,0.9947433445315615,,False,False,1.0,1.287,0.0,classic_dct,0,448,422,563.0829,crop_phase_miss
12,000000365208.jpg,Base,real_top30_jpeg_q30,45.065169791751025,0.9947433445315615,,False,False,1.0,1.931,0.0,classic_dct,0,448,603,563.0829,crop_phase_miss
12,000000365208.jpg,JND,closed_loop,45.509686070700326,0.9965169595772846,DCT_PRO_COPYRIGHT,True,True,0.0,12.516,1.0,classic_dct_jnd,0,640,603,563.0829,
12,000000365208.jpg,JND,jpeg_q30,45.509686070700326,0.9965169595772846,,False,False,1.0,4.338,0.0,classic_dct_jnd,0,640,603,563.0829,sync_fail
12,000000365208.jpg,JND,real_top30,45.509686070700326,0.9965169595772846,,False,False,1.0,2.879,0.0,classic_dct_jnd,0,448,603,563.0829,crop_phase_miss
12,000000365208.jpg,JND,real_left30,45.509686070700326,0.9965169595772846,,False,False,1.0,2.291,0.0,classic_dct_jnd,0,640,422,563.0829,crop_phase_miss
12,000000365208.jpg,JND,real_center60,45.509686070700326,0.9965169595772846,,False,False,1.0,2.468,0.0,classic_dct_jnd,0,384,362,563.0829,crop_phase_miss
12,000000365208.jpg,JND,real_random30,45.509686070700326,0.9965169595772846,,False,False,1.0,4.407,0.0,classic_dct_jnd,0,448,422,563.0829,crop_phase_miss
12,000000365208.jpg,JND,real_top30_jpeg_q30,45.509686070700326,0.9965169595772846,,False,False,1.0,2.496,0.0,classic_dct_jnd,0,448,603,563.0829,crop_phase_miss
12,000000365208.jpg,Tile_only,closed_loop,42.2044167924711,0.9846192765316422,DCT_PRO_COPYRIGHT,True,True,0.0,119.668,1.0,fixed_grid_tile,20,640,603,563.0829,
12,000000365208.jpg,Tile_only,jpeg_q30,42.2044167924711,0.9846192765316422,1 æ¤íw,False,False,0.492647,127.547,1.0,fixed_grid_tile,1,640,603,563.0829,payload_crc_fail
12,000000365208.jpg,Tile_only,real_top30,42.2044167924711,0.9846192765316422,,False,False,1.0,41.676,0.0,fixed_grid_tile,0,448,603,563.0829,crop_phase_miss
12,000000365208.jpg,Tile_only,real_left30,42.2044167924711,0.9846192765316422,,False,False,1.0,118.777,0.0,fixed_grid_tile,0,640,422,563.0829,crop_phase_miss
12,000000365208.jpg,Tile_only,real_center60,42.2044167924711,0.9846192765316422,,False,False,1.0,71.545,0.0,fixed_grid_tile,0,384,362,563.0829,crop_phase_miss
12,000000365208.jpg,Tile_only,real_random30,42.2044167924711,0.9846192765316422,,False,False,1.0,33.352,0.0,fixed_grid_tile,0,448,422,563.0829,crop_phase_miss
12,000000365208.jpg,Tile_only,real_top30_jpeg_q30,42.2044167924711,0.9846192765316422,,False,False,1.0,49.385,0.0,fixed_grid_tile,0,448,603,563.0829,crop_phase_miss
12,000000365208.jpg,Tile,closed_loop,43.069103276826965,0.9909276396449795,DCT_PRO_COPYRIGHT,True,True,0.0,28.285,1.0,fixed_grid_tile,20,640,603,563.0829,
12,000000365208.jpg,Tile,jpeg_q30,43.069103276826965,0.9909276396449795,1 æ¤ís,False,False,0.485294,28.052,1.0,fixed_grid_tile,1,640,603,563.0829,payload_crc_fail
12,000000365208.jpg,Tile,real_top30,43.069103276826965,0.9909276396449795,,False,False,1.0,68.906,0.0,fixed_grid_tile,0,448,603,563.0829,crop_phase_miss
12,000000365208.jpg,Tile,real_left30,43.069103276826965,0.9909276396449795,,False,False,1.0,57.296,0.0,fixed_grid_tile,0,640,422,563.0829,crop_phase_miss
12,000000365208.jpg,Tile,real_center60,43.069103276826965,0.9909276396449795,,False,False,1.0,54.9,0.0,fixed_grid_tile,0,384,362,563.0829,crop_phase_miss
12,000000365208.jpg,Tile,real_random30,43.069103276826965,0.9909276396449795,,False,False,1.0,20.483,0.0,fixed_grid_tile,0,448,422,563.0829,crop_phase_miss
12,000000365208.jpg,Tile,real_top30_jpeg_q30,43.069103276826965,0.9909276396449795,,False,False,1.0,33.128,0.0,fixed_grid_tile,0,448,603,563.0829,crop_phase_miss
12,000000365208.jpg,Sync,closed_loop,42.40226752579914,0.9890005672836842,DCT_PRO_COPYRIGHT,True,True,0.0,64.326,1.0,fixed_grid_sync,20,640,603,563.0829,
12,000000365208.jpg,Sync,jpeg_q30,42.40226752579914,0.9890005672836842,,False,False,1.0,61.49,0.0,fixed_grid_sync,0,640,603,563.0829,sync_fail
12,000000365208.jpg,Sync,real_top30,42.40226752579914,0.9890005672836842,,False,False,1.0,51.446,0.0,fixed_grid_sync,0,448,603,563.0829,sync_fail
12,000000365208.jpg,Sync,real_left30,42.40226752579914,0.9890005672836842,,False,False,1.0,51.548,0.0,fixed_grid_sync,0,640,422,563.0829,sync_fail
12,000000365208.jpg,Sync,real_center60,42.40226752579914,0.9890005672836842,,False,False,1.0,21.3,0.0,fixed_grid_sync,0,384,362,563.0829,sync_fail
12,000000365208.jpg,Sync,real_random30,42.40226752579914,0.9890005672836842,,False,False,1.0,36.413,0.0,fixed_grid_sync,0,448,422,563.0829,sync_fail
12,000000365208.jpg,Sync,real_top30_jpeg_q30,42.40226752579914,0.9890005672836842,,False,False,1.0,48.041,0.0,fixed_grid_sync,0,448,603,563.0829,sync_fail
12,000000365208.jpg,Full,closed_loop,39.67421937482394,0.9788588534759863,DCT_PRO_COPYRIGHT,True,True,0.0,79.391,0.996265,robust_layer,0,640,603,563.0829,
12,000000365208.jpg,Full,jpeg_q30,39.67421937482394,0.9788588534759863,DCT_PRO_COPYRIGHT,True,True,0.0,34.46,0.970121,robust_layer,0,640,603,563.0829,
12,000000365208.jpg,Full,real_top30,39.67421937482394,0.9788588534759863,DCT_PRO_COPYRIGHT,True,True,0.0,826.222,1.0,vote_merge,12,448,603,563.0829,
12,000000365208.jpg,Full,real_left30,39.67421937482394,0.9788588534759863,,False,False,1.0,783.654,0.0,phase_search_timeout,15,640,422,563.0829,crop_phase_miss
12,000000365208.jpg,Full,real_center60,39.67421937482394,0.9788588534759863,,False,False,1.0,720.543,0.0,phase_search_timeout,6,384,362,563.0829,crop_phase_miss
12,000000365208.jpg,Full,real_random30,39.67421937482394,0.9788588534759863,,False,False,1.0,731.344,0.0,phase_search_timeout,9,448,422,563.0829,crop_phase_miss
12,000000365208.jpg,Full,real_top30_jpeg_q30,39.67421937482394,0.9788588534759863,,False,False,1.0,1542.259,0.0,phase_search_timeout,12,448,603,563.0829,crop_phase_miss
13,000000396274.jpg,Base,closed_loop,43.274766062446126,0.9942756015386125,DCT_PRO_COPYRIGHT,True,True,0.0,6.737,1.0,classic_dct,0,480,640,690.1199,
13,000000396274.jpg,Base,jpeg_q30,43.274766062446126,0.9942756015386125,,False,False,1.0,2.327,0.0,classic_dct,0,480,640,690.1199,sync_fail
13,000000396274.jpg,Base,real_top30,43.274766062446126,0.9942756015386125,,False,False,1.0,1.578,0.0,classic_dct,0,336,640,690.1199,crop_phase_miss
13,000000396274.jpg,Base,real_left30,43.274766062446126,0.9942756015386125,,False,False,1.0,1.539,0.0,classic_dct,0,480,448,690.1199,crop_phase_miss
13,000000396274.jpg,Base,real_center60,43.274766062446126,0.9942756015386125,,False,False,1.0,0.806,0.0,classic_dct,0,288,384,690.1199,crop_phase_miss
13,000000396274.jpg,Base,real_random30,43.274766062446126,0.9942756015386125,,False,False,1.0,0.923,0.0,classic_dct,0,336,448,690.1199,crop_phase_miss
13,000000396274.jpg,Base,real_top30_jpeg_q30,43.274766062446126,0.9942756015386125,,False,False,1.0,1.564,0.0,classic_dct,0,336,640,690.1199,crop_phase_miss
13,000000396274.jpg,JND,closed_loop,43.67813588153137,0.9959854938980414,DCT_PRO_COPYRIGHT,True,True,0.0,8.303,1.0,classic_dct_jnd,0,480,640,690.1199,
13,000000396274.jpg,JND,jpeg_q30,43.67813588153137,0.9959854938980414,,False,False,1.0,3.387,0.0,classic_dct_jnd,0,480,640,690.1199,sync_fail
13,000000396274.jpg,JND,real_top30,43.67813588153137,0.9959854938980414,,False,False,1.0,1.873,0.0,classic_dct_jnd,0,336,640,690.1199,crop_phase_miss
13,000000396274.jpg,JND,real_left30,43.67813588153137,0.9959854938980414,,False,False,1.0,1.777,0.0,classic_dct_jnd,0,480,448,690.1199,crop_phase_miss
13,000000396274.jpg,JND,real_center60,43.67813588153137,0.9959854938980414,,False,False,1.0,1.62,0.0,classic_dct_jnd,0,288,384,690.1199,crop_phase_miss
13,000000396274.jpg,JND,real_random30,43.67813588153137,0.9959854938980414,,False,False,1.0,1.294,0.0,classic_dct_jnd,0,336,448,690.1199,crop_phase_miss
13,000000396274.jpg,JND,real_top30_jpeg_q30,43.67813588153137,0.9959854938980414,,False,False,1.0,2.74,0.0,classic_dct_jnd,0,336,640,690.1199,crop_phase_miss
13,000000396274.jpg,Tile_only,closed_loop,41.60824364281535,0.9861299774058448,DCT_PRO_COPYRIGHT,True,True,0.0,20.618,1.0,fixed_grid_tile,15,480,640,690.1199,
13,000000396274.jpg,Tile_only,jpeg_q30,41.60824364281535,0.9861299774058448,,False,False,1.0,20.221,1.0,fixed_grid_tile,2,480,640,690.1199,sync_fail
13,000000396274.jpg,Tile_only,real_top30,41.60824364281535,0.9861299774058448,,False,False,1.0,15.875,0.0,fixed_grid_tile,0,336,640,690.1199,crop_phase_miss
13,000000396274.jpg,Tile_only,real_left30,41.60824364281535,0.9861299774058448,,False,False,1.0,13.577,0.0,fixed_grid_tile,0,480,448,690.1199,crop_phase_miss
13,000000396274.jpg,Tile_only,real_center60,41.60824364281535,0.9861299774058448,,False,False,1.0,7.751,0.0,fixed_grid_tile,0,288,384,690.1199,crop_phase_miss
13,000000396274.jpg,Tile_only,real_random30,41.60824364281535,0.9861299774058448,,False,False,1.0,9.98,0.0,fixed_grid_tile,0,336,448,690.1199,crop_phase_miss
13,000000396274.jpg,Tile_only,real_top30_jpeg_q30,41.60824364281535,0.9861299774058448,,False,False,1.0,12.998,0.0,fixed_grid_tile,0,336,640,690.1199,crop_phase_miss
13,000000396274.jpg,Tile,closed_loop,42.38675403817127,0.991953435290258,DCT_PRO_COPYRIGHT,True,True,0.0,83.512,1.0,fixed_grid_tile,15,480,640,690.1199,
13,000000396274.jpg,Tile,jpeg_q30,42.38675403817127,0.991953435290258,       ,False,False,0.441176,102.927,1.0,fixed_grid_tile,2,480,640,690.1199,payload_crc_fail
13,000000396274.jpg,Tile,real_top30,42.38675403817127,0.991953435290258,,False,False,1.0,38.934,0.0,fixed_grid_tile,0,336,640,690.1199,crop_phase_miss
13,000000396274.jpg,Tile,real_left30,42.38675403817127,0.991953435290258,,False,False,1.0,36.78,0.0,fixed_grid_tile,0,480,448,690.1199,crop_phase_miss
13,000000396274.jpg,Tile,real_center60,42.38675403817127,0.991953435290258,,False,False,1.0,31.017,0.0,fixed_grid_tile,0,288,384,690.1199,crop_phase_miss
13,000000396274.jpg,Tile,real_random30,42.38675403817127,0.991953435290258,,False,False,1.0,18.249,0.0,fixed_grid_tile,0,336,448,690.1199,crop_phase_miss
13,000000396274.jpg,Tile,real_top30_jpeg_q30,42.38675403817127,0.991953435290258,,False,False,1.0,42.573,0.0,fixed_grid_tile,0,336,640,690.1199,crop_phase_miss
13,000000396274.jpg,Sync,closed_loop,41.10136719507369,0.9898130418807459,DCT_PRO_COPYRIGHT,True,True,0.0,48.027,1.0,fixed_grid_sync,15,480,640,690.1199,
13,000000396274.jpg,Sync,jpeg_q30,41.10136719507369,0.9898130418807459,,False,False,1.0,44.262,0.0,fixed_grid_sync,0,480,640,690.1199,sync_fail
13,000000396274.jpg,Sync,real_top30,41.10136719507369,0.9898130418807459,,False,False,1.0,48.871,0.0,fixed_grid_sync,0,336,640,690.1199,sync_fail
13,000000396274.jpg,Sync,real_left30,41.10136719507369,0.9898130418807459,,False,False,1.0,45.375,0.0,fixed_grid_sync,0,480,448,690.1199,sync_fail
13,000000396274.jpg,Sync,real_center60,41.10136719507369,0.9898130418807459,DCT_PRO_COPYRIGHT,True,True,0.0,33.435,1.0,fixed_grid_sync,6,288,384,690.1199,
13,000000396274.jpg,Sync,real_random30,41.10136719507369,0.9898130418807459,,False,False,1.0,32.617,0.0,fixed_grid_sync,0,336,448,690.1199,sync_fail
13,000000396274.jpg,Sync,real_top30_jpeg_q30,41.10136719507369,0.9898130418807459,,False,False,1.0,57.874,0.0,fixed_grid_sync,0,336,640,690.1199,sync_fail
13,000000396274.jpg,Full,closed_loop,38.41643988027019,0.9808970582112922,DCT_PRO_COPYRIGHT,True,True,0.0,8.842,0.997899,robust_layer,0,480,640,690.1199,
13,000000396274.jpg,Full,jpeg_q30,38.41643988027019,0.9808970582112922,DCT_PRO_COPYRIGHT,True,True,0.0,10.409,0.987395,robust_layer,0,480,640,690.1199,
13,000000396274.jpg,Full,real_top30,38.41643988027019,0.9808970582112922,,False,False,1.0,1756.084,0.0,phase_search_timeout,10,336,640,690.1199,crop_phase_miss
13,000000396274.jpg,Full,real_left30,38.41643988027019,0.9808970582112922,DCT_PRO_COPYRIGHT,True,True,0.0,745.237,1.0,vote_merge,9,480,448,690.1199,
13,000000396274.jpg,Full,real_center60,38.41643988027019,0.9808970582112922,DCT_PRO_COPYRIGHT,True,True,0.0,19.729,1.0,vote_merge,6,288,384,690.1199,
13,000000396274.jpg,Full,real_random30,38.41643988027019,0.9808970582112922,,False,False,1.0,725.025,0.0,phase_search_timeout,6,336,448,690.1199,crop_phase_miss
13,000000396274.jpg,Full,real_top30_jpeg_q30,38.41643988027019,0.9808970582112922,,False,False,1.0,741.073,0.0,phase_search_timeout,10,336,640,690.1199,crop_phase_miss
14,000000427034.jpg,Base,closed_loop,45.52668363952115,0.991149528666378,DCT_PRO_COPYRIGHT,True,True,0.0,9.662,1.0,classic_dct,0,480,640,401.7357,
14,000000427034.jpg,Base,jpeg_q30,45.52668363952115,0.991149528666378,DCT_PRO_COPYRHGH,False,True,0.029412,8.888,1.0,classic_dct,0,480,640,401.7357,payload_crc_fail
14,000000427034.jpg,Base,real_top30,45.52668363952115,0.991149528666378,,False,False,1.0,5.265,0.0,classic_dct,0,336,640,401.7357,crop_phase_miss
14,000000427034.jpg,Base,real_left30,45.52668363952115,0.991149528666378,,False,False,1.0,2.457,0.0,classic_dct,0,480,448,401.7357,crop_phase_miss
14,000000427034.jpg,Base,real_center60,45.52668363952115,0.991149528666378,,False,False,1.0,1.502,0.0,classic_dct,0,288,384,401.7357,crop_phase_miss
14,000000427034.jpg,Base,real_random30,45.52668363952115,0.991149528666378,,False,False,1.0,2.034,0.0,classic_dct,0,336,448,401.7357,crop_phase_miss
14,000000427034.jpg,Base,real_top30_jpeg_q30,45.52668363952115,0.991149528666378,,False,False,1.0,4.908,0.0,classic_dct,0,336,640,401.7357,crop_phase_miss
14,000000427034.jpg,JND,closed_loop,46.28571920469234,0.9946081346157328,DCT_PRO_COPYRIGHT,True,True,0.0,6.456,1.0,classic_dct_jnd,0,480,640,401.7357,
14,000000427034.jpg,JND,jpeg_q30,46.28571920469234,0.9946081346157328,,False,False,1.0,2.859,0.0,classic_dct_jnd,0,480,640,401.7357,sync_fail
14,000000427034.jpg,JND,real_top30,46.28571920469234,0.9946081346157328,,False,False,1.0,3.311,0.0,classic_dct_jnd,0,336,640,401.7357,crop_phase_miss
14,000000427034.jpg,JND,real_left30,46.28571920469234,0.9946081346157328,,False,False,1.0,1.519,0.0,classic_dct_jnd,0,480,448,401.7357,crop_phase_miss
14,000000427034.jpg,JND,real_center60,46.28571920469234,0.9946081346157328,,False,False,1.0,1.211,0.0,classic_dct_jnd,0,288,384,401.7357,crop_phase_miss
14,000000427034.jpg,JND,real_random30,46.28571920469234,0.9946081346157328,,False,False,1.0,1.729,0.0,classic_dct_jnd,0,336,448,401.7357,crop_phase_miss
14,000000427034.jpg,JND,real_top30_jpeg_q30,46.28571920469234,0.9946081346157328,,False,False,1.0,2.431,0.0,classic_dct_jnd,0,336,640,401.7357,crop_phase_miss
14,000000427034.jpg,Tile_only,closed_loop,42.69700467428002,0.9803610033690076,DCT_PRO_COPYRIGHT,True,True,0.0,19.266,0.99888,fixed_grid_tile,15,480,640,401.7357,
14,000000427034.jpg,Tile_only,jpeg_q30,42.69700467428002,0.9803610033690076, ð  â J,False,False,0.426471,21.88,1.0,fixed_grid_tile,2,480,640,401.7357,payload_crc_fail
14,000000427034.jpg,Tile_only,real_top30,42.69700467428002,0.9803610033690076,,False,False,1.0,14.267,0.0,fixed_grid_tile,0,336,640,401.7357,crop_phase_miss
14,000000427034.jpg,Tile_only,real_left30,42.69700467428002,0.9803610033690076,,False,False,1.0,13.946,0.0,fixed_grid_tile,0,480,448,401.7357,crop_phase_miss
14,000000427034.jpg,Tile_only,real_center60,42.69700467428002,0.9803610033690076,¬}ût ï  $ä= ¤ ãØDL,False,False,0.454545,9.34,1.0,fixed_grid_tile,1,288,384,401.7357,crop_phase_miss
14,000000427034.jpg,Tile_only,real_random30,42.69700467428002,0.9803610033690076,,False,False,1.0,11.044,0.0,fixed_grid_tile,0,336,448,401.7357,crop_phase_miss
14,000000427034.jpg,Tile_only,real_top30_jpeg_q30,42.69700467428002,0.9803610033690076,,False,False,1.0,17.06,1.0,fixed_grid_tile,1,336,640,401.7357,crop_phase_miss
14,000000427034.jpg,Tile,closed_loop,43.51905406731571,0.988786036629406,DCT_PRO_COPYRIGHT,True,True,0.0,71.155,1.0,fixed_grid_tile,15,480,640,401.7357,
14,000000427034.jpg,Tile,jpeg_q30,43.51905406731571,0.988786036629406, ð  b ,False,False,0.426471,61.062,1.0,fixed_grid_tile,2,480,640,401.7357,payload_crc_fail
14,000000427034.jpg,Tile,real_top30,43.51905406731571,0.988786036629406,,False,False,1.0,50.298,0.0,fixed_grid_tile,0,336,640,401.7357,crop_phase_miss
14,000000427034.jpg,Tile,real_left30,43.51905406731571,0.988786036629406,,False,False,1.0,48.88,0.0,fixed_grid_tile,0,480,448,401.7357,crop_phase_miss
14,000000427034.jpg,Tile,real_center60,43.51905406731571,0.988786036629406,¬}ût ï  $ä= ¤ ãØDL,False,False,0.454545,36.747,1.0,fixed_grid_tile,1,288,384,401.7357,crop_phase_miss
14,000000427034.jpg,Tile,real_random30,43.51905406731571,0.988786036629406,,False,False,1.0,21.063,0.0,fixed_grid_tile,0,336,448,401.7357,crop_phase_miss
14,000000427034.jpg,Tile,real_top30_jpeg_q30,43.51905406731571,0.988786036629406,,False,False,1.0,37.632,1.0,fixed_grid_tile,2,336,640,401.7357,crop_phase_miss
14,000000427034.jpg,Sync,closed_loop,42.080851805520815,0.9860605828927962,DCT_PRO_COPYRIGHT,True,True,0.0,46.945,0.99888,fixed_grid_sync,15,480,640,401.7357,
14,000000427034.jpg,Sync,jpeg_q30,42.080851805520815,0.9860605828927962,,False,False,1.0,43.074,0.0,fixed_grid_sync,0,480,640,401.7357,sync_fail
14,000000427034.jpg,Sync,real_top30,42.080851805520815,0.9860605828927962,,False,False,1.0,35.967,0.0,fixed_grid_sync,0,336,640,401.7357,sync_fail
14,000000427034.jpg,Sync,real_left30,42.080851805520815,0.9860605828927962,,False,False,1.0,28.976,0.0,fixed_grid_sync,0,480,448,401.7357,sync_fail
14,000000427034.jpg,Sync,real_center60,42.080851805520815,0.9860605828927962,DCT_PRO_COPYRIGHT,True,True,0.0,24.509,0.997199,fixed_grid_sync,6,288,384,401.7357,
14,000000427034.jpg,Sync,real_random30,42.080851805520815,0.9860605828927962,,False,False,1.0,23.505,0.0,fixed_grid_sync,0,336,448,401.7357,sync_fail
14,000000427034.jpg,Sync,real_top30_jpeg_q30,42.080851805520815,0.9860605828927962,,False,False,1.0,33.778,0.0,fixed_grid_sync,0,336,640,401.7357,sync_fail
14,000000427034.jpg,Full,closed_loop,39.83809052427663,0.9727873261414243,DCT_PRO_COPYRIGHT,True,True,0.0,7.719,0.997899,robust_layer,0,480,640,401.7357,
14,000000427034.jpg,Full,jpeg_q30,39.83809052427663,0.9727873261414243,DCT_PRO_COPYRIGHT,True,True,0.0,9.864,0.97479,robust_layer,0,480,640,401.7357,
14,000000427034.jpg,Full,real_top30,39.83809052427663,0.9727873261414243,,False,False,1.0,2049.724,0.0,phase_search_timeout,10,336,640,401.7357,crop_phase_miss
14,000000427034.jpg,Full,real_left30,39.83809052427663,0.9727873261414243,DCT_PRO_COPYRIGHT,True,True,0.0,744.849,1.0,vote_merge,9,480,448,401.7357,
14,000000427034.jpg,Full,real_center60,39.83809052427663,0.9727873261414243,DCT_PRO_COPYRIGHT,True,True,0.0,30.242,1.0,fixed_grid_full,6,288,384,401.7357,
14,000000427034.jpg,Full,real_random30,39.83809052427663,0.9727873261414243,,False,False,1.0,744.621,0.0,phase_search_timeout,6,336,448,401.7357,crop_phase_miss
14,000000427034.jpg,Full,real_top30_jpeg_q30,39.83809052427663,0.9727873261414243,,False,False,1.0,736.98,0.0,phase_search_timeout,10,336,640,401.7357,crop_phase_miss
15,000000458109.jpg,Base,closed_loop,42.395579529918265,0.9938687567007904,DCT_PRO_COPYRIGHT,True,True,0.0,8.672,1.0,classic_dct,0,480,640,1335.6729,
15,000000458109.jpg,Base,jpeg_q30,42.395579529918265,0.9938687567007904,DCT_PRO_COPYRIGH,False,True,0.022059,6.587,1.0,classic_dct,0,480,640,1335.6729,payload_crc_fail
15,000000458109.jpg,Base,real_top30,42.395579529918265,0.9938687567007904,,False,False,1.0,1.837,0.0,classic_dct,0,336,640,1335.6729,crop_phase_miss
15,000000458109.jpg,Base,real_left30,42.395579529918265,0.9938687567007904,,False,False,1.0,2.819,0.0,classic_dct,0,480,448,1335.6729,crop_phase_miss
15,000000458109.jpg,Base,real_center60,42.395579529918265,0.9938687567007904,,False,False,1.0,1.672,0.0,classic_dct,0,288,384,1335.6729,crop_phase_miss
15,000000458109.jpg,Base,real_random30,42.395579529918265,0.9938687567007904,,False,False,1.0,2.205,0.0,classic_dct,0,336,448,1335.6729,crop_phase_miss
15,000000458109.jpg,Base,real_top30_jpeg_q30,42.395579529918265,0.9938687567007904,,False,False,1.0,2.402,0.0,classic_dct,0,336,640,1335.6729,crop_phase_miss
15,000000458109.jpg,JND,closed_loop,42.775931167218644,0.9957400614337922,DCT_PRO_COPYRIGHT,True,True,0.0,7.311,1.0,classic_dct_jnd,0,480,640,1335.6729,
15,000000458109.jpg,JND,jpeg_q30,42.775931167218644,0.9957400614337922,,False,False,1.0,2.454,0.0,classic_dct_jnd,0,480,640,1335.6729,sync_fail
15,000000458109.jpg,JND,real_top30,42.775931167218644,0.9957400614337922,,False,False,1.0,2.06,0.0,classic_dct_jnd,0,336,640,1335.6729,crop_phase_miss
15,000000458109.jpg,JND,real_left30,42.775931167218644,0.9957400614337922,,False,False,1.0,1.467,0.0,classic_dct_jnd,0,480,448,1335.6729,crop_phase_miss
15,000000458109.jpg,JND,real_center60,42.775931167218644,0.9957400614337922,,False,False,1.0,1.484,0.0,classic_dct_jnd,0,288,384,1335.6729,crop_phase_miss
15,000000458109.jpg,JND,real_random30,42.775931167218644,0.9957400614337922,,False,False,1.0,1.275,0.0,classic_dct_jnd,0,336,448,1335.6729,crop_phase_miss
15,000000458109.jpg,JND,real_top30_jpeg_q30,42.775931167218644,0.9957400614337922,,False,False,1.0,1.826,0.0,classic_dct_jnd,0,336,640,1335.6729,crop_phase_miss
15,000000458109.jpg,Tile_only,closed_loop,40.19818662067024,0.9857399202297606,DCT_PRO_COPYRIGHT,True,True,0.0,22.901,1.0,fixed_grid_tile,15,480,640,1335.6729,
15,000000458109.jpg,Tile_only,jpeg_q30,40.19818662067024,0.9857399202297606,,False,False,1.0,30.453,0.75,fixed_grid_tile,3,480,640,1335.6729,sync_fail
15,000000458109.jpg,Tile_only,real_top30,40.19818662067024,0.9857399202297606,,False,False,1.0,19.026,0.0,fixed_grid_tile,0,336,640,1335.6729,crop_phase_miss
15,000000458109.jpg,Tile_only,real_left30,40.19818662067024,0.9857399202297606,,False,False,1.0,20.051,0.0,fixed_grid_tile,0,480,448,1335.6729,crop_phase_miss
15,000000458109.jpg,Tile_only,real_center60,40.19818662067024,0.9857399202297606,,False,False,1.0,8.434,0.0,fixed_grid_tile,0,288,384,1335.6729,crop_phase_miss
15,000000458109.jpg,Tile_only,real_random30,40.19818662067024,0.9857399202297606,,False,False,1.0,14.755,0.0,fixed_grid_tile,0,336,448,1335.6729,crop_phase_miss
15,000000458109.jpg,Tile_only,real_top30_jpeg_q30,40.19818662067024,0.9857399202297606,,False,False,1.0,24.015,0.0,fixed_grid_tile,0,336,640,1335.6729,crop_phase_miss
15,000000458109.jpg,Tile,closed_loop,40.78393799781955,0.9919237006411705,DCT_PRO_COPYRIGHT,True,True,0.0,61.103,1.0,fixed_grid_tile,15,480,640,1335.6729,
15,000000458109.jpg,Tile,jpeg_q30,40.78393799781955,0.9919237006411705,,False,False,1.0,36.05,1.0,fixed_grid_tile,2,480,640,1335.6729,sync_fail
15,000000458109.jpg,Tile,real_top30,40.78393799781955,0.9919237006411705,,False,False,1.0,21.87,0.0,fixed_grid_tile,0,336,640,1335.6729,crop_phase_miss
15,000000458109.jpg,Tile,real_left30,40.78393799781955,0.9919237006411705,,False,False,1.0,11.13,0.0,fixed_grid_tile,0,480,448,1335.6729,crop_phase_miss
15,000000458109.jpg,Tile,real_center60,40.78393799781955,0.9919237006411705,,False,False,1.0,10.121,0.0,fixed_grid_tile,0,288,384,1335.6729,crop_phase_miss
15,000000458109.jpg,Tile,real_random30,40.78393799781955,0.9919237006411705,,False,False,1.0,8.734,0.0,fixed_grid_tile,0,336,448,1335.6729,crop_phase_miss
15,000000458109.jpg,Tile,real_top30_jpeg_q30,40.78393799781955,0.9919237006411705,,False,False,1.0,15.907,0.0,fixed_grid_tile,0,336,640,1335.6729,crop_phase_miss
15,000000458109.jpg,Sync,closed_loop,40.027111611100906,0.9903143052815587,DCT_PRO_COPYRIGHT,True,True,0.0,62.6,1.0,fixed_grid_sync,15,480,640,1335.6729,
15,000000458109.jpg,Sync,jpeg_q30,40.027111611100906,0.9903143052815587,,False,False,1.0,65.685,0.0,fixed_grid_sync,0,480,640,1335.6729,sync_fail
15,000000458109.jpg,Sync,real_top30,40.027111611100906,0.9903143052815587,,False,False,1.0,39.092,0.0,fixed_grid_sync,0,336,640,1335.6729,sync_fail
15,000000458109.jpg,Sync,real_left30,40.027111611100906,0.9903143052815587,,False,False,1.0,27.094,0.0,fixed_grid_sync,0,480,448,1335.6729,sync_fail
15,000000458109.jpg,Sync,real_center60,40.027111611100906,0.9903143052815587,DCT_PRO_COPYRIGHT,True,True,0.0,25.789,1.0,fixed_grid_sync,6,288,384,1335.6729,
15,000000458109.jpg,Sync,real_random30,40.027111611100906,0.9903143052815587,,False,False,1.0,22.432,0.0,fixed_grid_sync,0,336,448,1335.6729,sync_fail
15,000000458109.jpg,Sync,real_top30_jpeg_q30,40.027111611100906,0.9903143052815587,,False,False,1.0,31.949,0.0,fixed_grid_sync,0,336,640,1335.6729,sync_fail
15,000000458109.jpg,Full,closed_loop,36.856487014708286,0.9799282205120966,DCT_PRO_COPYRIGHT,True,True,0.0,7.399,0.991597,robust_layer,0,480,640,1335.6729,
15,000000458109.jpg,Full,jpeg_q30,36.856487014708286,0.9799282205120966,DCT_PRO_COPYRIGHT,True,True,0.0,8.858,0.968487,robust_layer,0,480,640,1335.6729,
15,000000458109.jpg,Full,real_top30,36.856487014708286,0.9799282205120966,,False,False,1.0,1759.57,0.0,phase_search_timeout,10,336,640,1335.6729,crop_phase_miss
15,000000458109.jpg,Full,real_left30,36.856487014708286,0.9799282205120966,DCT_PRO_COPYRIGHT,True,True,0.0,734.581,1.0,vote_merge,9,480,448,1335.6729,
15,000000458109.jpg,Full,real_center60,36.856487014708286,0.9799282205120966,DCT_PRO_COPYRIGHT,True,True,0.0,25.845,1.0,vote_merge,6,288,384,1335.6729,
15,000000458109.jpg,Full,real_random30,36.856487014708286,0.9799282205120966,,False,False,1.0,727.775,0.0,phase_search_timeout,6,336,448,1335.6729,crop_phase_miss
15,000000458109.jpg,Full,real_top30_jpeg_q30,36.856487014708286,0.9799282205120966,,False,False,1.0,1495.864,0.0,phase_search_timeout,10,336,640,1335.6729,crop_phase_miss
16,000000486040.jpg,Base,closed_loop,44.57348141641533,0.991457147128334,DCT_PRO_COPYRIGHT,True,True,0.0,6.098,1.0,classic_dct,0,640,480,848.8292,
16,000000486040.jpg,Base,jpeg_q30,44.57348141641533,0.991457147128334,,False,False,1.0,2.601,0.0,classic_dct,0,640,480,848.8292,sync_fail
16,000000486040.jpg,Base,real_top30,44.57348141641533,0.991457147128334,,False,False,1.0,2.619,0.0,classic_dct,0,448,480,848.8292,crop_phase_miss
16,000000486040.jpg,Base,real_left30,44.57348141641533,0.991457147128334,,False,False,1.0,2.172,0.0,classic_dct,0,640,336,848.8292,crop_phase_miss
16,000000486040.jpg,Base,real_center60,44.57348141641533,0.991457147128334,,False,False,1.0,1.228,0.0,classic_dct,0,384,288,848.8292,crop_phase_miss
16,000000486040.jpg,Base,real_random30,44.57348141641533,0.991457147128334,,False,False,1.0,1.222,0.0,classic_dct,0,448,336,848.8292,crop_phase_miss
16,000000486040.jpg,Base,real_top30_jpeg_q30,44.57348141641533,0.991457147128334,,False,False,1.0,1.823,0.0,classic_dct,0,448,480,848.8292,crop_phase_miss
16,000000486040.jpg,JND,closed_loop,45.18871120068518,0.9952025013717961,DCT_PRO_COPYRIGHT,True,True,0.0,6.122,1.0,classic_dct_jnd,0,640,480,848.8292,
16,000000486040.jpg,JND,jpeg_q30,45.18871120068518,0.9952025013717961,,False,False,1.0,3.018,0.0,classic_dct_jnd,0,640,480,848.8292,sync_fail
16,000000486040.jpg,JND,real_top30,45.18871120068518,0.9952025013717961,,False,False,1.0,2.227,0.0,classic_dct_jnd,0,448,480,848.8292,crop_phase_miss
16,000000486040.jpg,JND,real_left30,45.18871120068518,0.9952025013717961,,False,False,1.0,1.33,0.0,classic_dct_jnd,0,640,336,848.8292,crop_phase_miss
16,000000486040.jpg,JND,real_center60,45.18871120068518,0.9952025013717961,,False,False,1.0,1.004,0.0,classic_dct_jnd,0,384,288,848.8292,crop_phase_miss
16,000000486040.jpg,JND,real_random30,45.18871120068518,0.9952025013717961,,False,False,1.0,1.251,0.0,classic_dct_jnd,0,448,336,848.8292,crop_phase_miss
16,000000486040.jpg,JND,real_top30_jpeg_q30,45.18871120068518,0.9952025013717961,,False,False,1.0,1.783,0.0,classic_dct_jnd,0,448,480,848.8292,crop_phase_miss
16,000000486040.jpg,Tile_only,closed_loop,40.20071330337696,0.9794711862281493,DCT_PRO_COPYRIGHT,True,True,0.0,20.801,0.993277,fixed_grid_tile,15,640,480,848.8292,
16,000000486040.jpg,Tile_only,jpeg_q30,40.20071330337696,0.9794711862281493,    0         ,False,False,0.426471,23.386,1.0,fixed_grid_tile,5,640,480,848.8292,payload_crc_fail
16,000000486040.jpg,Tile_only,real_top30,40.20071330337696,0.9794711862281493,,False,False,1.0,13.841,0.0,fixed_grid_tile,0,448,480,848.8292,crop_phase_miss
16,000000486040.jpg,Tile_only,real_left30,40.20071330337696,0.9794711862281493,,False,False,1.0,13.881,0.0,fixed_grid_tile,0,640,336,848.8292,crop_phase_miss
16,000000486040.jpg,Tile_only,real_center60,40.20071330337696,0.9794711862281493,,False,False,1.0,6.142,0.0,fixed_grid_tile,0,384,288,848.8292,crop_phase_miss
16,000000486040.jpg,Tile_only,real_random30,40.20071330337696,0.9794711862281493,,False,False,1.0,10.874,0.0,fixed_grid_tile,0,448,336,848.8292,crop_phase_miss
16,000000486040.jpg,Tile_only,real_top30_jpeg_q30,40.20071330337696,0.9794711862281493,   Þ ,False,False,0.433824,12.323,1.0,fixed_grid_tile,2,448,480,848.8292,crop_phase_miss
16,000000486040.jpg,Tile,closed_loop,40.72558935456862,0.9879378110785757,DCT_PRO_COPYRIGHT,True,True,0.0,79.099,0.994398,fixed_grid_tile,15,640,480,848.8292,
16,000000486040.jpg,Tile,jpeg_q30,40.72558935456862,0.9879378110785757,    0         ,False,False,0.426471,60.92,1.0,fixed_grid_tile,5,640,480,848.8292,payload_crc_fail
16,000000486040.jpg,Tile,real_top30,40.72558935456862,0.9879378110785757,,False,False,1.0,36.011,0.0,fixed_grid_tile,0,448,480,848.8292,crop_phase_miss
16,000000486040.jpg,Tile,real_left30,40.72558935456862,0.9879378110785757,,False,False,1.0,28.93,0.0,fixed_grid_tile,0,640,336,848.8292,crop_phase_miss
16,000000486040.jpg,Tile,real_center60,40.72558935456862,0.9879378110785757,,False,False,1.0,18.816,0.0,fixed_grid_tile,0,384,288,848.8292,crop_phase_miss
16,000000486040.jpg,Tile,real_random30,40.72558935456862,0.9879378110785757,,False,False,1.0,12.503,0.0,fixed_grid_tile,0,448,336,848.8292,crop_phase_miss
16,000000486040.jpg,Tile,real_top30_jpeg_q30,40.72558935456862,0.9879378110785757,   Þ ,False,False,0.433824,66.025,1.0,fixed_grid_tile,2,448,480,848.8292,crop_phase_miss
16,000000486040.jpg,Sync,closed_loop,40.27960471379774,0.985142362742767,DCT_PRO_COPYRIGHT,True,True,0.0,64.769,0.992797,fixed_grid_sync,15,640,480,848.8292,
16,000000486040.jpg,Sync,jpeg_q30,40.27960471379774,0.985142362742767,,False,False,1.0,60.745,1.0,fixed_grid_sync,1,640,480,848.8292,sync_fail
16,000000486040.jpg,Sync,real_top30,40.27960471379774,0.985142362742767,,False,False,1.0,54.178,0.0,fixed_grid_sync,0,448,480,848.8292,sync_fail
16,000000486040.jpg,Sync,real_left30,40.27960471379774,0.985142362742767,,False,False,1.0,53.659,0.0,fixed_grid_sync,0,640,336,848.8292,sync_fail
16,000000486040.jpg,Sync,real_center60,40.27960471379774,0.985142362742767,,False,False,1.0,28.582,0.0,fixed_grid_sync,0,384,288,848.8292,sync_fail
16,000000486040.jpg,Sync,real_random30,40.27960471379774,0.985142362742767,,False,False,1.0,36.914,0.0,fixed_grid_sync,0,448,336,848.8292,sync_fail
16,000000486040.jpg,Sync,real_top30_jpeg_q30,40.27960471379774,0.985142362742767,,False,False,1.0,42.86,0.0,fixed_grid_sync,0,448,480,848.8292,sync_fail
16,000000486040.jpg,Full,closed_loop,38.22061199057246,0.9711244851408148,DCT_PRO_COPYRIGHT,True,True,0.0,6.898,0.991597,robust_layer,0,640,480,848.8292,
16,000000486040.jpg,Full,jpeg_q30,38.22061199057246,0.9711244851408148,DCT_PRO_COPYRIGHT,True,True,0.0,7.716,0.92437,robust_layer,0,640,480,848.8292,
16,000000486040.jpg,Full,real_top30,38.22061199057246,0.9711244851408148,DCT_PRO_COPYRIGHT,True,True,0.0,826.792,1.0,phase_search,9,448,480,848.8292,
16,000000486040.jpg,Full,real_left30,38.22061199057246,0.9711244851408148,DCT_PRO_COPYRIGHT,True,True,0.0,822.356,1.0,phase_search,10,640,336,848.8292,
16,000000486040.jpg,Full,real_center60,38.22061199057246,0.9711244851408148,DCT_PRO_COPYRIGHT,True,True,0.0,732.047,1.0,vote_merge,6,384,288,848.8292,
16,000000486040.jpg,Full,real_random30,38.22061199057246,0.9711244851408148,,False,False,1.0,737.151,0.0,phase_search_timeout,6,448,336,848.8292,crop_phase_miss
16,000000486040.jpg,Full,real_top30_jpeg_q30,38.22061199057246,0.9711244851408148,,False,False,1.0,1501.245,0.0,phase_search_timeout,9,448,480,848.8292,crop_phase_miss
17,000000519208.jpg,Base,closed_loop,45.44350861477973,0.9905814815492751,DCT_PRO_COPYRIGHT,True,True,0.0,7.025,1.0,classic_dct,0,406,640,137.8481,
17,000000519208.jpg,Base,jpeg_q30,45.44350861477973,0.9905814815492751,"DCT_PRO_COPYRIGHTDÀ Ã  PA""  4+  ¨)A    	 $B  Ò@  Y¿È ]*¸ p0   HH ² á$ `]   	p Íb
 a BDCT_PRO_COPYRIGHTDÀ Ã  PA""  4+  ¨)A    	 $B  Ò@  Y¿È ]*¸ p0   HH ² á$ `]   	p Íb
 a BDCT_PRO_COPYRIGHTDÀ Ã  PA""  4+  ¨)A    	 $B  Ò@  Y¿È ]*¸ p0   HH ² á$ `]   	p Íb
 a BDCT_PRO_COPYRIGHTDÀ Ã  PA""  4+  ¨)A    	 $B  Ò@  Y¿È ]*¸ p0   HH ² á$ `]   	p Íb
 a BDCT_PRO_COPYRIGHTDÀ Ã  PA""  4+  ¨)A    	 $B  Ò@  Y¿È ]*¸ p0   HH ² á$ `]   	p Íb
 a BDCT_PRO_COPYRIGHTDÀ Ã  PA""  4+  ¨)A    	 $B  Ò@  Y¿È ]*¸ p0   HH ² á$ `]   	p Íb
 a BDCT_PRO_COPYRIGHTDÀ Ã  PA""  4+  ¨)A    	 $B  Ò@  Y¿È ]*¸ p0   HH ² á$ `]   	p Íb
 a BDCT_PRO_COPYRIGHTDÀ Ã  PA""  4+  ¨)A    	 $B  Ò@  Y¿È ]*¸ p0   HH ² á$ `]   	p Íb
 a BDCT_PRO_COPYRIGHTDÀ Ã  PA""  4+  ¨)A    	 $B  Ò@  Y¿È ]*¸ p0   HH ² á$ `]   	p Íb
 a BDCT_PRO_COPYRIGHTDÀ Ã  PA""  4+  ¨)A    	 $B  Ò@  Y¿È ]*¸ p0   HH ² á$ `]   	p Íb
 a BDCT_PRO_COPYRIGHTDÀ Ã  PA""  4+  ¨)A    	 $B  Ò@  Y¿È ]*¸ p0   HH ² á$ `]   	p Íb
 a BDCT_PRO_COPYRIGHTDÀ Ã  PA""  4+  ¨)A    	 $B  Ò@  Y¿È ]*¸ p0   HH ² á$ `]   	p Íb
 a BDCT_PRO_COPYRIGHTDÀ Ã  PA""  4+  ¨)A    	 $B  Ò@  Y¿È ]*¸ p0   HH ² á$ `]   	p Íb
 a BDCT_PRO_COPYRIGHTDÀ Ã  PA""  4+  ¨)A    	 $B  Ò@  Y¿È ]*¸ p0   HH ² á$ `]   	p Íb
 a BDCT_PRO_COPYRIGHTDÀ Ã  PA""  4+  ¨)A    	 $B  Ò@  Y¿È ]*¸ p0   HH ² á$ `]   	p Íb
 a BDCT_PRO_COPYRIGHTDÀ Ã  PA""  4+  ¨)A    	 $B  Ò@  Y¿È ]*¸ p0   HH ² á$ `]   	p Íb
 a BDCT_PRO_COPYRIGHTDÀ Ã  PA""  4+  ¨)A    	 $B  Ò@  Y¿È ]*¸ p0   HH ² á$ `]   	p Íb
 a BDCT_PRO_COPYRIGHTDÀ Ã  PA""  4+  ¨)A    	 $B  Ò@  Y¿È ]*¸ p0   HH ² á$ `]   	p Íb
 a BDCT_PRO_COPYRIGHTDÀ Ã  PA""  4+  ¨)A    	 $B  Ò@  Y¿È ]*¸ p0   HH ² á$ `]   	p Íb
 a BDCT_PRO_COPYRIGHTDÀ Ã  PA""  4+  ¨)A    	 $B  Ò@  Y¿È ]*¸ p0   HH ² á$ `]   	p Íb
 a BDCT_PRO_COPYRIGHTDÀ Ã  PA""  4+  ¨)A    	 $B  Ò@  Y¿È ]*¸ p0   HH ² á$ `]   	p Íb
 a BDCT_PRO_COPYRIGHTDÀ Ã  PA""  4+  ¨)A    	 $B  Ò@  Y¿È ]*¸ p0   HH ² á$ `]   	p Íb
 a BDCT_PRO_COPYRIGHTDÀ Ã  PA""  4+  ¨)A    	 $B  Ò@  Y¿È ]*¸ p0   HH ² á$ `]   	p Íb
 a BDCT_PRO_COPYRIGHTDÀ Ã  PA""  4+  ¨)A    	 $B  Ò@  Y¿È ]*¸ p0   HH ² á$ `]   	p Íb
 a BDCT_PRO_COPYRIGHTDÀ Ã  PA""  4+  ¨)A    	 $B  Ò@  Y¿È ]*¸ p0   HH ² á$ `]   	p Íb
 a BDCT_PRO_COPYRIGHTDÀ Ã  PA""  4+  ¨)A    	 $B  Ò@  Y¿È ]*¸ p0   HH ² á$ `]   	p Íb
 a BDCT_PRO_COPYRIGHTDÀ Ã  PA""  4+  ¨)A    	 $B  Ò@  Y¿È ]*¸ p0   HH ² á$ `]   	p Íb
 a BDCT_PRO_COPYRIGHTDÀ Ã  PA""  4+  ¨)A    	 $B  Ò@  Y¿È ]*¸ p0   HH ² á$ `]   	p Íb
 a BDCT_PRO_COPYRIGHTDÀ Ã  PA""  4+  ¨)A    	 $B  Ò@  Y¿È ]*¸ p0   HH ² á$ `]   	p Íb
 a BDCT_PRO_COPYRIGHTDÀ Ã  PA""  4+  ¨)A    	 $B  Ò@  Y¿È ]*¸ p0   HH ² á$ `]   	p Íb
 a BDCT_PRO_COPYRIGHTDÀ Ã  PA""  4+  ¨)A    	 $B  Ò@  Y¿È ]*¸ p0   HH ² á$ `]   	p Íb
 a BDCT_PRO_COPYRIGHTDÀ Ã  PA""  4+  ¨)A    	 $B  Ò@  Y¿È ]*¸ p0   HH ² á$ `]   	p Íb
 a BDCT_PRO_COPYRIGHTDÀ Ã  PA""  4+  ¨)A    	 $B  Ò@  Y¿È ]*¸ p0   HH ² á$ `]   	p Íb
 a BDCT_PRO_COPYRIGHTDÀ Ã  PA""  4+  ¨)A    	 $B  Ò@  Y¿È ]*¸ p0   HH ² á$ `]   	p Íb
 a BDCT_PRO_COPYRIGHTDÀ Ã  PA""  4+  ¨)A    	 $B  Ò@  Y¿È ]*¸ p0   HH ² á$ `]   	p Íb
 a BDCT_PRO_COPYRIGHTDÀ Ã  PA""  4+  ¨)A    	 $B  Ò@  Y¿È ]*¸ p0   HH ² á$ `]   	p Íb
 a BDCT_PRO_COPYRIGHTDÀ Ã  PA""  4+  ¨)A    	 $B  Ò@  Y¿È ]*¸ p0   HH ² á$ `]   	p Íb
 a BDCT_PRO_COPYRIGHTDÀ Ã  PA""  4+  ¨)A    	 $B  Ò@  Y¿È ]*¸ p0   HH ² á$ `]   	p Íb
 a BDCT_PRO_COPYRIGHTDÀ Ã  PA""  4+  ¨)A    	 $B  Ò@  Y¿È ]*¸ p0   HH ² á$ `]   	p Íb
 a BDCT_PRO_COPYRIGHTDÀ Ã  PA""  4+  ¨)A    	 $B  Ò@  Y¿È ]*¸ p0   HH ² á$ `]   	p Íb
 a BDCT_PRO_COPYRIGHTDÀ Ã  PA""  4+  ¨)A    	 $B  Ò@  Y¿È ]*¸ p0   HH ² á$ `]   	p Íb
 a BDCT_PRO_COPYRIGHTDÀ Ã  PA""  4+  ¨)A    	 $B  Ò@  Y¿È ]*¸ p0   HH ² á$ `]   	p Íb
 a BDCT_PRO_COPYRIGHTDÀ Ã  PA""  4+  ¨)A    	 $B  Ò@  Y¿È ]*¸ p0   HH ² á$ `]   	p Íb
 a BDCT_PRO_COPYRIGHTDÀ Ã  PA""  4+  ¨)A    	 $B  Ò@  Y¿È ]*¸ p0   HH ² á$ `]   	p Íb
 a BDCT_PRO_COPYRIGHTDÀ Ã  PA""  4+  ¨)A    	 $B  Ò@  Y¿È ]*¸ p0   HH ² á$ `]   	p Íb
 a BDCT_PRO_COPYRIGHTDÀ Ã  PA""  4+  ¨)A    	 $B  Ò@  Y¿È ]*¸ p0   HH ² á$ `]   	p Íb
 a BDCT_PRO_COPYRIGHTDÀ Ã  PA""  4+  ¨)A    	 $B  Ò@  Y¿È ]*¸ p0   HH ² á$ `]   	p Íb
 a BDCT_PRO_COPYRIGHTDÀ Ã  PA""  4+  ¨)A    	 $B  Ò@  Y¿È ]*¸ p0   HH ² á$ `]   	p Íb
 a BDCT_PRO_COPYRIGHTDÀ Ã  PA""  4+  ¨)A    	 $B  Ò@  Y¿È ]*¸ p0   HH ² á$ `]   	p Íb
 a BDCT_PRO_COPYRIGHTDÀ Ã  PA""  4+  ¨)A    	 $B  Ò@  Y¿È ]*¸ p0   HH ² á$ `]   	p Íb
 a BDCT_PRO_COPYRIGHTDÀ Ã  PA""  4+  ¨)A    	 $B  Ò@  Y¿È ]*¸ p0   HH ² á$ `]   	p Íb
 a BDCT_PRO_COPYRIGHTDÀ Ã  PA""  4+  ¨)A    	 $B  Ò@  Y¿È ]*¸ p0   HH ² á$ `]   	p Íb
 a BDCT_PRO_COPYRIGHTDÀ Ã  PA""  4+  ¨)A    	 $B  Ò@  Y¿È ]*¸ p0   HH ² á$ `]   	p Íb
 a BDCT_PRO_COPYRIGHTDÀ Ã  PA""  4+  ¨)A    	 $B  Ò@  Y¿È ]*¸ p0   HH ² á$ `]   	p Íb
 a BDCT_PRO_COPYRIGHTDÀ Ã  PA""  4+  ¨)A    	 $B  Ò@  Y¿È ]*¸ p0   HH ² á$ `]   	p Íb
 a BDCT_PRO_COPYRIGHTDÀ Ã  PA""  4+  ¨)A    	 $B  Ò@  Y¿È ]*¸ p0   HH ² á$ `]   	p Íb
 a BDCT_PRO_COPYRIGHTDÀ Ã  PA""  4+  ¨)A    	 $B  Ò@  Y¿È ]*¸ p0   HH ² á$ `]   	p Íb
 a BDCT_PRO_COPYRIGHTDÀ Ã  PA""  4+  ¨)A    	 $B  Ò@  Y¿È ]*¸ p0   HH ² á$ `]   	p Íb
 a BDCT_PRO_COPYRIGHTDÀ Ã  PA""  4+  ¨)A    	 $B  Ò@  Y¿È ]*¸ p0   HH ² á$ `]   	p Íb
 a BDCT_PRO_COPYRIGHTDÀ Ã  PA""  4+  ¨)A    	 $B  Ò@  Y¿È ]*¸ p0   HH ² á$ `]   	p Íb
 a BDCT_PRO_COPYRIGHTDÀ Ã  PA""  4+  ¨)A    	 $B  Ò@  Y¿È ]*¸ p0   HH ² á$ `]   	p Íb
 a BDCT_PRO_COPYRIGHTDÀ Ã  PA""  4+  ¨)A    	 $B  Ò@  Y¿È ]*¸ p0   HH ² á$ `]   	p Íb
 a BDCT_PRO_COPYRIGHTDÀ Ã  PA""  4+  ¨)A    	 $B  Ò@  Y¿È ]*¸ p0   HH ² á$ `]   	p Íb
 a BDCT_PRO_COPYRIGHTDÀ Ã  PA""  4+  ¨)A    	 $B  Ò@  Y¿È ]*¸ p0   HH ² á$ `]   	p Íb
 a BDCT_PRO_COPYRIGHTDÀ Ã  PA""  4+  ¨)A    	 $B  Ò@  Y¿È ]*¸ p0   HH ² á$ `]   	p Íb
 a BDCT_PRO_COPYRIGHTDÀ Ã  PA""  4+  ¨)A    	 $B  Ò@  Y¿È ]*¸ p0",False,False,0.325099,2583.172,1.0,classic_dct,0,406,640,137.8481,payload_crc_fail
17,000000519208.jpg,Base,real_top30,45.44350861477973,0.9905814815492751,,False,False,1.0,1.641,0.0,classic_dct,0,284,640,137.8481,crop_phase_miss
17,000000519208.jpg,Base,real_left30,45.44350861477973,0.9905814815492751,,False,False,1.0,1.172,0.0,classic_dct,0,406,448,137.8481,crop_phase_miss
17,000000519208.jpg,Base,real_center60,45.44350861477973,0.9905814815492751,,False,False,1.0,0.62,0.0,classic_dct,0,244,384,137.8481,crop_phase_miss
17,000000519208.jpg,Base,real_random30,45.44350861477973,0.9905814815492751,,False,False,1.0,1.14,0.0,classic_dct,0,284,448,137.8481,crop_phase_miss
17,000000519208.jpg,Base,real_top30_jpeg_q30,45.44350861477973,0.9905814815492751,,False,False,1.0,1.413,0.0,classic_dct,0,284,640,137.8481,crop_phase_miss
17,000000519208.jpg,JND,closed_loop,46.314510278371415,0.9937374907663783,DCT_PRO_COPYRIGHT,True,True,0.0,17.782,1.0,classic_dct_jnd,0,406,640,137.8481,
17,000000519208.jpg,JND,jpeg_q30,46.314510278371415,0.9937374907663783,,False,False,1.0,2.55,0.0,classic_dct_jnd,0,406,640,137.8481,sync_fail
17,000000519208.jpg,JND,real_top30,46.314510278371415,0.9937374907663783,,False,False,1.0,3.0,0.0,classic_dct_jnd,0,284,640,137.8481,crop_phase_miss
17,000000519208.jpg,JND,real_left30,46.314510278371415,0.9937374907663783,,False,False,1.0,5.354,0.0,classic_dct_jnd,0,406,448,137.8481,crop_phase_miss
17,000000519208.jpg,JND,real_center60,46.314510278371415,0.9937374907663783,,False,False,1.0,1.293,0.0,classic_dct_jnd,0,244,384,137.8481,crop_phase_miss
17,000000519208.jpg,JND,real_random30,46.314510278371415,0.9937374907663783,,False,False,1.0,1.702,0.0,classic_dct_jnd,0,284,448,137.8481,crop_phase_miss
17,000000519208.jpg,JND,real_top30_jpeg_q30,46.314510278371415,0.9937374907663783,,False,False,1.0,3.455,0.0,classic_dct_jnd,0,284,640,137.8481,crop_phase_miss
17,000000519208.jpg,Tile_only,closed_loop,41.884640094392616,0.9805418203787756,DCT_PRO_COPYRIGHT,True,True,0.0,22.957,1.0,fixed_grid_tile,15,406,640,137.8481,
17,000000519208.jpg,Tile_only,jpeg_q30,41.884640094392616,0.9805418203787756,,False,False,1.0,22.815,1.0,fixed_grid_tile,2,406,640,137.8481,sync_fail
17,000000519208.jpg,Tile_only,real_top30,41.884640094392616,0.9805418203787756,,False,False,1.0,14.676,0.0,fixed_grid_tile,0,284,640,137.8481,crop_phase_miss
17,000000519208.jpg,Tile_only,real_left30,41.884640094392616,0.9805418203787756,,False,False,1.0,14.063,0.0,fixed_grid_tile,0,406,448,137.8481,crop_phase_miss
17,000000519208.jpg,Tile_only,real_center60,41.884640094392616,0.9805418203787756,,False,False,1.0,4.269,0.0,fixed_grid_tile,0,244,384,137.8481,crop_phase_miss
17,000000519208.jpg,Tile_only,real_random30,41.884640094392616,0.9805418203787756,,False,False,1.0,9.622,0.0,fixed_grid_tile,0,284,448,137.8481,crop_phase_miss
17,000000519208.jpg,Tile_only,real_top30_jpeg_q30,41.884640094392616,0.9805418203787756, h Á      ,False,False,0.441176,18.096,1.0,fixed_grid_tile,1,284,640,137.8481,crop_phase_miss
17,000000519208.jpg,Tile,closed_loop,42.49032194604331,0.9863780988494467,DCT_PRO_COPYRIGHT,True,True,0.0,64.214,1.0,fixed_grid_tile,15,406,640,137.8481,
17,000000519208.jpg,Tile,jpeg_q30,42.49032194604331,0.9863780988494467,,False,False,1.0,76.045,1.0,fixed_grid_tile,1,406,640,137.8481,sync_fail
17,000000519208.jpg,Tile,real_top30,42.49032194604331,0.9863780988494467,,False,False,1.0,31.626,0.0,fixed_grid_tile,0,284,640,137.8481,crop_phase_miss
17,000000519208.jpg,Tile,real_left30,42.49032194604331,0.9863780988494467,,False,False,1.0,29.163,0.0,fixed_grid_tile,0,406,448,137.8481,crop_phase_miss
17,000000519208.jpg,Tile,real_center60,42.49032194604331,0.9863780988494467,,False,False,1.0,5.729,0.0,fixed_grid_tile,0,244,384,137.8481,crop_phase_miss
17,000000519208.jpg,Tile,real_random30,42.49032194604331,0.9863780988494467,,False,False,1.0,15.698,0.0,fixed_grid_tile,0,284,448,137.8481,crop_phase_miss
17,000000519208.jpg,Tile,real_top30_jpeg_q30,42.49032194604331,0.9863780988494467,è Á      ,False,False,0.463235,27.143,1.0,fixed_grid_tile,1,284,640,137.8481,crop_phase_miss
17,000000519208.jpg,Sync,closed_loop,41.7461031573982,0.9829755127097715,DCT_PRO_COPYRIGHT,True,True,0.0,48.9,1.0,fixed_grid_sync,15,406,640,137.8481,
17,000000519208.jpg,Sync,jpeg_q30,41.7461031573982,0.9829755127097715,,False,False,1.0,47.782,0.0,fixed_grid_sync,0,406,640,137.8481,sync_fail
17,000000519208.jpg,Sync,real_top30,41.7461031573982,0.9829755127097715,,False,False,1.0,32.315,0.0,fixed_grid_sync,0,284,640,137.8481,sync_fail
17,000000519208.jpg,Sync,real_left30,41.7461031573982,0.9829755127097715,,False,False,1.0,24.458,0.0,fixed_grid_sync,0,406,448,137.8481,sync_fail
17,000000519208.jpg,Sync,real_center60,41.7461031573982,0.9829755127097715,,False,False,1.0,10.056,0.0,fixed_grid_sync,0,244,384,137.8481,sync_fail
17,000000519208.jpg,Sync,real_random30,41.7461031573982,0.9829755127097715,,False,False,1.0,20.995,0.0,fixed_grid_sync,0,284,448,137.8481,sync_fail
17,000000519208.jpg,Sync,real_top30_jpeg_q30,41.7461031573982,0.9829755127097715,,False,False,1.0,33.007,0.0,fixed_grid_sync,0,284,640,137.8481,sync_fail
17,000000519208.jpg,Full,closed_loop,39.7675577411801,0.9667914878110132,DCT_PRO_COPYRIGHT,True,True,0.0,11.711,1.0,robust_layer,0,406,640,137.8481,
17,000000519208.jpg,Full,jpeg_q30,39.7675577411801,0.9667914878110132,DCT_PRO_COPYRIGHT,True,True,0.0,10.552,0.989496,robust_layer,0,406,640,137.8481,
17,000000519208.jpg,Full,real_top30,39.7675577411801,0.9667914878110132,,False,False,1.0,750.938,0.0,phase_search_timeout,10,284,640,137.8481,crop_phase_miss
17,000000519208.jpg,Full,real_left30,39.7675577411801,0.9667914878110132,DCT_PRO_COPYRIGHT,True,True,0.0,743.101,1.0,vote_merge,9,406,448,137.8481,
17,000000519208.jpg,Full,real_center60,39.7675577411801,0.9667914878110132,,False,False,1.0,747.426,0.0,phase_search_timeout,3,244,384,137.8481,crop_phase_miss
17,000000519208.jpg,Full,real_random30,39.7675577411801,0.9667914878110132,,False,False,1.0,726.816,0.0,phase_search_timeout,6,284,448,137.8481,crop_phase_miss
17,000000519208.jpg,Full,real_top30_jpeg_q30,39.7675577411801,0.9667914878110132,,False,False,1.0,778.333,0.0,phase_search_timeout,10,284,640,137.8481,crop_phase_miss
18,000000551660.jpg,Base,closed_loop,43.899929489967995,0.991237948588666,DCT_PRO_COPYRIGHT,True,True,0.0,5.697,1.0,classic_dct,0,640,424,526.0621,
18,000000551660.jpg,Base,jpeg_q30,43.899929489967995,0.991237948588666,DCT[PRO_COPYRIGHT,False,True,0.007353,5.775,1.0,classic_dct,0,640,424,526.0621,payload_crc_fail
18,000000551660.jpg,Base,real_top30,43.899929489967995,0.991237948588666,,False,False,1.0,1.474,0.0,classic_dct,0,448,424,526.0621,crop_phase_miss
18,000000551660.jpg,Base,real_left30,43.899929489967995,0.991237948588666,,False,False,1.0,1.297,0.0,classic_dct,0,640,297,526.0621,crop_phase_miss
18,000000551660.jpg,Base,real_center60,43.899929489967995,0.991237948588666,,False,False,1.0,0.692,0.0,classic_dct,0,384,254,526.0621,crop_phase_miss
18,000000551660.jpg,Base,real_random30,43.899929489967995,0.991237948588666,,False,False,1.0,0.744,0.0,classic_dct,0,448,297,526.0621,crop_phase_miss
18,000000551660.jpg,Base,real_top30_jpeg_q30,43.899929489967995,0.991237948588666,,False,False,1.0,38.368,0.0,classic_dct,0,448,424,526.0621,crop_phase_miss
18,000000551660.jpg,JND,closed_loop,44.42762058601089,0.9948872473116648,DCT_PRO_COPYRIGHT,True,True,0.0,6.098,1.0,classic_dct_jnd,0,640,424,526.0621,
18,000000551660.jpg,JND,jpeg_q30,44.42762058601089,0.9948872473116648,,False,False,1.0,2.276,0.0,classic_dct_jnd,0,640,424,526.0621,sync_fail
18,000000551660.jpg,JND,real_top30,44.42762058601089,0.9948872473116648,,False,False,1.0,2.242,0.0,classic_dct_jnd,0,448,424,526.0621,crop_phase_miss
18,000000551660.jpg,JND,real_left30,44.42762058601089,0.9948872473116648,,False,False,1.0,2.819,0.0,classic_dct_jnd,0,640,297,526.0621,crop_phase_miss
18,000000551660.jpg,JND,real_center60,44.42762058601089,0.9948872473116648,,False,False,1.0,1.254,0.0,classic_dct_jnd,0,384,254,526.0621,crop_phase_miss
18,000000551660.jpg,JND,real_random30,44.42762058601089,0.9948872473116648,,False,False,1.0,0.908,0.0,classic_dct_jnd,0,448,297,526.0621,crop_phase_miss
18,000000551660.jpg,JND,real_top30_jpeg_q30,44.42762058601089,0.9948872473116648,,False,False,1.0,1.191,0.0,classic_dct_jnd,0,448,424,526.0621,crop_phase_miss
18,000000551660.jpg,Tile_only,closed_loop,41.72249019737259,0.9786227201333094,DCT_PRO_COPYRIGHT,True,True,0.0,25.604,1.0,fixed_grid_tile,15,640,424,526.0621,
18,000000551660.jpg,Tile_only,jpeg_q30,41.72249019737259,0.9786227201333094, ,False,False,0.433824,23.708,1.0,fixed_grid_tile,4,640,424,526.0621,payload_crc_fail
18,000000551660.jpg,Tile_only,real_top30,41.72249019737259,0.9786227201333094,,False,False,1.0,20.62,0.0,fixed_grid_tile,0,448,424,526.0621,crop_phase_miss
18,000000551660.jpg,Tile_only,real_left30,41.72249019737259,0.9786227201333094,,False,False,1.0,18.829,0.92437,fixed_grid_tile,3,640,297,526.0621,crop_phase_miss
18,000000551660.jpg,Tile_only,real_center60,41.72249019737259,0.9786227201333094,,False,False,1.0,8.981,0.0,fixed_grid_tile,0,384,254,526.0621,crop_phase_miss
18,000000551660.jpg,Tile_only,real_random30,41.72249019737259,0.9786227201333094,,False,False,1.0,10.326,0.0,fixed_grid_tile,0,448,297,526.0621,crop_phase_miss
18,000000551660.jpg,Tile_only,real_top30_jpeg_q30,41.72249019737259,0.9786227201333094, ,False,False,0.433824,16.319,1.0,fixed_grid_tile,1,448,424,526.0621,crop_phase_miss
18,000000551660.jpg,Tile,closed_loop,42.694904242403325,0.9888910196968564,DCT_PRO_COPYRIGHT,True,True,0.0,38.385,1.0,fixed_grid_tile,15,640,424,526.0621,
18,000000551660.jpg,Tile,jpeg_q30,42.694904242403325,0.9888910196968564, ,False,False,0.433824,24.448,1.0,fixed_grid_tile,4,640,424,526.0621,payload_crc_fail
18,000000551660.jpg,Tile,real_top30,42.694904242403325,0.9888910196968564,,False,False,1.0,14.374,0.0,fixed_grid_tile,0,448,424,526.0621,crop_phase_miss
18,000000551660.jpg,Tile,real_left30,42.694904242403325,0.9888910196968564,,False,False,1.0,19.057,1.0,fixed_grid_tile,2,640,297,526.0621,crop_phase_miss
18,000000551660.jpg,Tile,real_center60,42.694904242403325,0.9888910196968564,,False,False,1.0,4.33,0.0,fixed_grid_tile,0,384,254,526.0621,crop_phase_miss
18,000000551660.jpg,Tile,real_random30,42.694904242403325,0.9888910196968564,,False,False,1.0,11.443,0.0,fixed_grid_tile,0,448,297,526.0621,crop_phase_miss
18,000000551660.jpg,Tile,real_top30_jpeg_q30,42.694904242403325,0.9888910196968564,Y > ë,False,False,0.455882,15.685,1.0,fixed_grid_tile,2,448,424,526.0621,crop_phase_miss
18,000000551660.jpg,Sync,closed_loop,41.38689500002158,0.986164128724339,DCT_PRO_COPYRIGHT,True,True,0.0,59.901,1.0,fixed_grid_sync,15,640,424,526.0621,
18,000000551660.jpg,Sync,jpeg_q30,41.38689500002158,0.986164128724339,,False,False,1.0,41.027,0.0,fixed_grid_sync,0,640,424,526.0621,sync_fail
18,000000551660.jpg,Sync,real_top30,41.38689500002158,0.986164128724339,,False,False,1.0,32.643,0.0,fixed_grid_sync,0,448,424,526.0621,sync_fail
18,000000551660.jpg,Sync,real_left30,41.38689500002158,0.986164128724339,,False,False,1.0,36.515,1.0,fixed_grid_sync,3,640,297,526.0621,sync_fail
18,000000551660.jpg,Sync,real_center60,41.38689500002158,0.986164128724339,,False,False,1.0,10.663,0.0,fixed_grid_sync,0,384,254,526.0621,sync_fail
18,000000551660.jpg,Sync,real_random30,41.38689500002158,0.986164128724339,,False,False,1.0,19.965,0.0,fixed_grid_sync,0,448,297,526.0621,sync_fail
18,000000551660.jpg,Sync,real_top30_jpeg_q30,41.38689500002158,0.986164128724339,,False,False,1.0,30.135,0.0,fixed_grid_sync,0,448,424,526.0621,sync_fail
18,000000551660.jpg,Full,closed_loop,38.70542505555475,0.9731757530461012,DCT_PRO_COPYRIGHT,True,True,0.0,7.17,1.0,robust_layer,0,640,424,526.0621,
18,000000551660.jpg,Full,jpeg_q30,38.70542505555475,0.9731757530461012,DCT_PRO_COPYRIGHT,True,True,0.0,7.623,0.976891,robust_layer,0,640,424,526.0621,
18,000000551660.jpg,Full,real_top30,38.70542505555475,0.9731757530461012,DCT_PRO_COPYRIGHT,True,True,0.0,943.283,1.0,phase_search,9,448,424,526.0621,
18,000000551660.jpg,Full,real_left30,38.70542505555475,0.9731757530461012,,False,False,1.0,1612.777,1.0,vote_merge,10,640,297,526.0621,sync_fail
18,000000551660.jpg,Full,real_center60,38.70542505555475,0.9731757530461012,,False,False,1.0,711.333,0.0,phase_search_timeout,3,384,254,526.0621,crop_phase_miss
18,000000551660.jpg,Full,real_random30,38.70542505555475,0.9731757530461012,,False,False,1.0,719.623,0.0,phase_search_timeout,6,448,297,526.0621,crop_phase_miss
18,000000551660.jpg,Full,real_top30_jpeg_q30,38.70542505555475,0.9731757530461012,,False,False,1.0,737.971,0.0,phase_search_timeout,9,448,424,526.0621,crop_phase_miss
19,000000581781.jpg,Base,closed_loop,44.21537736900266,0.9903217546370742,DCT_PRO_COPYRIGHT,True,True,0.0,14.033,1.0,classic_dct,0,478,640,824.502,
19,000000581781.jpg,Base,jpeg_q30,44.21537736900266,0.9903217546370742,,False,False,1.0,2.89,0.0,classic_dct,0,478,640,824.502,sync_fail
19,000000581781.jpg,Base,real_top30,44.21537736900266,0.9903217546370742,,False,False,1.0,3.259,0.0,classic_dct,0,335,640,824.502,crop_phase_miss
19,000000581781.jpg,Base,real_left30,44.21537736900266,0.9903217546370742,,False,False,1.0,2.435,0.0,classic_dct,0,478,448,824.502,crop_phase_miss
19,000000581781.jpg,Base,real_center60,44.21537736900266,0.9903217546370742,,False,False,1.0,1.309,0.0,classic_dct,0,287,384,824.502,crop_phase_miss
19,000000581781.jpg,Base,real_random30,44.21537736900266,0.9903217546370742,,False,False,1.0,1.445,0.0,classic_dct,0,335,448,824.502,crop_phase_miss
19,000000581781.jpg,Base,real_top30_jpeg_q30,44.21537736900266,0.9903217546370742,,False,False,1.0,1.608,0.0,classic_dct,0,335,640,824.502,crop_phase_miss
19,000000581781.jpg,JND,closed_loop,44.74215491219592,0.992781188493982,DCT_PRO_COPYRIGHT,True,True,0.0,124.464,1.0,classic_dct_jnd,0,478,640,824.502,
19,000000581781.jpg,JND,jpeg_q30,44.74215491219592,0.992781188493982,,False,False,1.0,69.44,0.0,classic_dct_jnd,0,478,640,824.502,sync_fail
19,000000581781.jpg,JND,real_top30,44.74215491219592,0.992781188493982,,False,False,1.0,15.701,0.0,classic_dct_jnd,0,335,640,824.502,crop_phase_miss
19,000000581781.jpg,JND,real_left30,44.74215491219592,0.992781188493982,,False,False,1.0,2.319,0.0,classic_dct_jnd,0,478,448,824.502,crop_phase_miss
19,000000581781.jpg,JND,real_center60,44.74215491219592,0.992781188493982,,False,False,1.0,9.648,0.0,classic_dct_jnd,0,287,384,824.502,crop_phase_miss
19,000000581781.jpg,JND,real_random30,44.74215491219592,0.992781188493982,,False,False,1.0,4.014,0.0,classic_dct_jnd,0,335,448,824.502,crop_phase_miss
19,000000581781.jpg,JND,real_top30_jpeg_q30,44.74215491219592,0.992781188493982,,False,False,1.0,9.034,0.0,classic_dct_jnd,0,335,640,824.502,crop_phase_miss
19,000000581781.jpg,Tile_only,closed_loop,41.899187360932444,0.9826904628909556,DCT_PRO_COPYRIGHT,True,True,0.0,82.51,0.997759,fixed_grid_tile,15,478,640,824.502,
19,000000581781.jpg,Tile_only,jpeg_q30,41.899187360932444,0.9826904628909556,,False,False,1.0,89.904,0.0,fixed_grid_tile,0,478,640,824.502,sync_fail
19,000000581781.jpg,Tile_only,real_top30,41.899187360932444,0.9826904628909556,,False,False,1.0,58.449,0.0,fixed_grid_tile,0,335,640,824.502,crop_phase_miss
19,000000581781.jpg,Tile_only,real_left30,41.899187360932444,0.9826904628909556,,False,False,1.0,48.759,0.0,fixed_grid_tile,0,478,448,824.502,crop_phase_miss
19,000000581781.jpg,Tile_only,real_center60,41.899187360932444,0.9826904628909556,,False,False,1.0,29.216,0.0,fixed_grid_tile,0,287,384,824.502,crop_phase_miss
19,000000581781.jpg,Tile_only,real_random30,41.899187360932444,0.9826904628909556,,False,False,1.0,34.914,0.0,fixed_grid_tile,0,335,448,824.502,crop_phase_miss
19,000000581781.jpg,Tile_only,real_top30_jpeg_q30,41.899187360932444,0.9826904628909556,,False,False,1.0,45.523,0.0,fixed_grid_tile,0,335,640,824.502,crop_phase_miss
19,000000581781.jpg,Tile,closed_loop,42.552277078860044,0.9887313950702078,DCT_PRO_COPYRIGHT,True,True,0.0,88.872,0.99888,fixed_grid_tile,15,478,640,824.502,
19,000000581781.jpg,Tile,jpeg_q30,42.552277078860044,0.9887313950702078,,False,False,1.0,63.513,1.0,fixed_grid_tile,1,478,640,824.502,sync_fail
19,000000581781.jpg,Tile,real_top30,42.552277078860044,0.9887313950702078,,False,False,1.0,54.002,0.0,fixed_grid_tile,0,335,640,824.502,crop_phase_miss
19,000000581781.jpg,Tile,real_left30,42.552277078860044,0.9887313950702078,,False,False,1.0,46.672,0.0,fixed_grid_tile,0,478,448,824.502,crop_phase_miss
19,000000581781.jpg,Tile,real_center60,42.552277078860044,0.9887313950702078,,False,False,1.0,27.422,0.0,fixed_grid_tile,0,287,384,824.502,crop_phase_miss
19,000000581781.jpg,Tile,real_random30,42.552277078860044,0.9887313950702078,,False,False,1.0,30.07,0.0,fixed_grid_tile,0,335,448,824.502,crop_phase_miss
19,000000581781.jpg,Tile,real_top30_jpeg_q30,42.552277078860044,0.9887313950702078,,False,False,1.0,53.062,0.0,fixed_grid_tile,0,335,640,824.502,crop_phase_miss
19,000000581781.jpg,Sync,closed_loop,41.62485427829107,0.9867028154428306,DCT_PRO_COPYRIGHT,True,True,0.0,90.538,0.997759,fixed_grid_sync,15,478,640,824.502,
19,000000581781.jpg,Sync,jpeg_q30,41.62485427829107,0.9867028154428306,,False,False,1.0,63.057,0.0,fixed_grid_sync,0,478,640,824.502,sync_fail
19,000000581781.jpg,Sync,real_top30,41.62485427829107,0.9867028154428306,,False,False,1.0,46.041,0.0,fixed_grid_sync,0,335,640,824.502,sync_fail
19,000000581781.jpg,Sync,real_left30,41.62485427829107,0.9867028154428306,,False,False,1.0,43.69,0.0,fixed_grid_sync,0,478,448,824.502,sync_fail
19,000000581781.jpg,Sync,real_center60,41.62485427829107,0.9867028154428306,,False,False,1.0,21.389,0.0,fixed_grid_sync,0,287,384,824.502,sync_fail
19,000000581781.jpg,Sync,real_random30,41.62485427829107,0.9867028154428306,,False,False,1.0,38.663,0.0,fixed_grid_sync,0,335,448,824.502,sync_fail
19,000000581781.jpg,Sync,real_top30_jpeg_q30,41.62485427829107,0.9867028154428306,,False,False,1.0,36.612,0.0,fixed_grid_sync,0,335,640,824.502,sync_fail
19,000000581781.jpg,Full,closed_loop,39.13273470931304,0.9754952221648507,DCT_PRO_COPYRIGHT,True,True,0.0,6.487,0.989496,robust_layer,0,478,640,824.502,
19,000000581781.jpg,Full,jpeg_q30,39.13273470931304,0.9754952221648507,DCT_PRO_COPYRIGHT,True,True,0.0,9.293,0.903361,robust_layer,0,478,640,824.502,
19,000000581781.jpg,Full,real_top30,39.13273470931304,0.9754952221648507,,False,False,1.0,767.509,0.0,phase_search_timeout,10,335,640,824.502,crop_phase_miss
19,000000581781.jpg,Full,real_left30,39.13273470931304,0.9754952221648507,DCT_PRO_COPYRIGHT,True,True,0.0,809.223,1.0,vote_merge,9,478,448,824.502,
19,000000581781.jpg,Full,real_center60,39.13273470931304,0.9754952221648507,,False,False,1.0,731.046,0.0,phase_search_timeout,6,287,384,824.502,crop_phase_miss
19,000000581781.jpg,Full,real_random30,39.13273470931304,0.9754952221648507,,False,False,1.0,733.173,0.0,phase_search_timeout,6,335,448,824.502,crop_phase_miss
19,000000581781.jpg,Full,real_top30_jpeg_q30,39.13273470931304,0.9754952221648507,,False,False,1.0,739.213,0.0,phase_search_timeout,10,335,640,824.502,crop_phase_miss
